date,10026
1986-05-20,20.166674
1986-05-21,20.166674
1986-05-22,20.625001999998
1986-05-23,21.083330794441956
1986-05-27,23.604159240879405
1986-05-28,25.666667071188208
1986-05-29,24.291678049517582
1986-05-30,29.333342953660807
1986-06-02,28.416675986358907
1986-06-03,27.500010852390943
1986-06-04,26.583352990648194
1986-06-05,26.583352990648194
1986-06-06,24.75000546829515
1986-06-09,28.187508977781196
1986-06-10,26.12500075836797
1986-06-11,25.43749523841076
1986-06-12,25.43749523841076
1986-06-13,27.49999278983634
1986-06-16,26.124993150344523
1986-06-17,24.749982510855588
1986-06-18,25.437487525042137
1986-06-19,25.437487525042137
1986-06-20,24.74998854970282
1986-06-23,25.43749373163647
1986-06-24,25.43749373163647
1986-06-25,25.43749373163647
1986-06-26,25.43749373163647
1986-06-27,24.74999458855153
1986-06-30,24.74999458855153
1986-07-01,23.374983889189963
1986-07-02,21.312492185727287
1986-07-03,21.312492185727287
1986-07-07,20.624993812800096
1986-07-08,18.562494431520086
1986-07-09,18.562494431520086
1986-07-10,21.312490856560924
1986-07-11,19.249995866408096
1986-07-14,21.312498173522656
1986-07-15,19.250002475278176
1986-07-16,19.250002475278176
1986-07-17,20.625010902084817
1986-07-21,20.980606715047664
1986-07-22,19.202584218374238
1986-07-24,19.539474355901394
1986-07-25,18.865694661686845
1986-07-28,18.865694661686845
1986-07-29,17.181252248123474
1986-07-30,18.865685037277252
1986-07-31,15.15991739108992
1986-08-01,17.518133500778305
1986-08-04,15.496803666791001
1986-08-05,16.844359223244144
1986-08-06,14.823036116454846
1986-08-07,15.496817223128302
1986-08-08,14.82304660390113
1986-08-11,15.15992998406799
1986-08-12,14.823046019962032
1986-08-13,15.496827576799406
1986-08-14,15.496827576799406
1986-08-15,14.149269941203663
1986-08-18,14.149269941203663
1986-08-19,15.496818111864016
1986-08-20,13.475490641443033
1986-08-21,15.496814237659487
1986-08-22,13.475487272570373
1986-08-25,15.496810363455928
1986-08-26,15.496810363455928
1986-08-27,14.149254224680892
1986-08-28,14.149254224680892
1986-08-29,14.149254224680892
1986-09-02,15.496800898531049
1986-09-03,15.833685853264214
1986-09-04,14.991476269043236
1986-09-05,14.823032041684266
1986-09-08,15.496812963139025
1986-09-09,14.823042529127667
1986-09-10,15.159925816687151
1986-09-11,14.317700978015278
1986-09-12,14.486148730021629
1986-09-15,14.149258855156246
1986-09-16,13.475485297732561
1986-09-17,12.801711032845935
1986-09-18,13.307045774156496
1986-09-19,13.47548635956577
1986-09-22,13.47548635956577
1986-09-23,13.47548635956577
1986-09-24,13.138599200576625
1986-09-25,12.801712378474638
1986-09-26,12.801712378474638
1986-09-29,12.801712378474638
1986-09-30,11.791055591331201
1986-10-01,12.801714130286564
1986-10-02,12.127934312181322
1986-10-06,12.460203328532154
1986-10-07,11.961795195390868
1986-10-08,10.96498291637336
1986-10-09,11.629526671003083
1986-10-10,10.632713421924725
1986-10-13,10.632713421924725
1986-10-14,10.300441127489577
1986-10-15,10.964984387270697
1986-10-16,10.964984387270697
1986-10-17,10.134299100059843
1986-10-20,10.300430665207124
1986-10-21,10.964973250003627
1986-10-22,10.964973250003627
1986-10-23,11.629516418793346
1986-10-24,11.629516418793346
1986-10-27,11.961783332394688
1986-10-28,11.961783332394688
1986-10-29,11.961783332394688
1986-10-30,11.629508914987428
1986-10-31,12.95859897084568
1986-11-03,12.626327534634225
1986-11-04,13.290876405437093
1986-11-05,12.958604495301165
1986-11-06,13.290876073165183
1986-11-07,12.958604171336052
1986-11-10,12.626332601778826
1986-11-11,12.626332601778826
1986-11-12,12.958607170527237
1986-11-13,12.626335524067747
1986-11-14,13.29088481537048
1986-11-17,13.12474875517835
1986-11-18,12.626336421200453
1986-11-19,12.958611090460764
1986-11-20,13.124753443251562
1986-11-21,13.290886572336241
1986-11-24,12.958614408027836
1986-11-25,13.12475680335316
1986-11-26,13.623169442960497
1986-11-28,13.623169442960497
1986-12-01,13.29090034024669
1986-12-02,13.29090034024669
1986-12-03,12.958627831740523
1986-12-04,13.62317218420784
1986-12-05,13.29090301463501
1986-12-08,13.623175590000884
1986-12-09,12.958637084720639
1986-12-10,13.124779770783842
1986-12-11,12.958646308445262
1986-12-12,13.290918958440107
1986-12-15,12.958645984479105
1986-12-16,13.290918626167134
1986-12-17,13.290918626167134
1986-12-18,13.290918626167134
1986-12-22,13.122682178197111
1986-12-23,13.459160871928264
1986-12-24,13.122681850130055
1986-12-26,13.122681850130055
1986-12-29,13.459160535449241
1986-12-30,13.459160535449241
1986-12-31,13.122681522063012
1987-01-02,13.45916019897023
1987-01-05,13.45916019897023
1987-01-06,13.122681193995973
1987-01-07,13.459159862491225
1987-01-08,14.805075848740348
1987-01-09,14.468600889926025
1987-01-12,15.814513550509613
1987-01-13,16.48746854562445
1987-01-14,16.48746854562445
1987-01-15,15.478039771387138
1987-01-16,15.478039771387138
1987-01-19,15.478039771387138
1987-01-20,15.478039771387138
1987-01-21,16.487471091157694
1987-01-22,19.179298058855558
1987-01-23,19.85226126914468
1987-01-26,20.02050918340068
1987-01-27,19.51579214688715
1987-01-28,19.51579214688715
1987-01-29,19.51579214688715
1987-01-30,21.198190040493852
1987-02-02,21.198190040493852
1987-02-03,21.53466891100661
1987-02-04,21.198189709272132
1987-02-05,21.198189709272132
1987-02-06,20.861710844016855
1987-02-09,20.861710844016855
1987-02-10,20.52523230981371
1987-02-11,20.52523230981371
1987-02-12,20.861702443068484
1987-02-13,20.861702443068484
1987-02-17,20.861702443068484
1987-02-18,21.19818084177274
1987-02-19,21.19818084177274
1987-02-20,20.861702117271278
1987-02-23,20.69345248969549
1987-02-24,20.188739183471814
1987-02-25,21.029943379029532
1987-02-26,22.544099302319662
1987-02-27,21.871135394046117
1987-03-02,21.871135394046117
1987-03-03,23.553528741962328
1987-03-04,23.553528741962328
1987-03-05,23.553528741962328
1987-03-06,24.56296232325661
1987-03-09,23.890010844486348
1987-03-10,22.880562326263423
1987-03-11,22.880562326263423
1987-03-12,23.721766200188494
1987-03-13,23.721766200188494
1987-03-16,23.217038180747082
1987-03-17,23.89000724945422
1987-03-18,24.058240680504877
1987-03-19,24.22647995758365
1987-03-20,23.88999837745277
1987-03-23,24.562955741747242
1987-03-24,23.553516512584395
1987-03-25,23.553516512584395
1987-03-26,23.553516512584395
1987-03-27,23.217030975685617
1987-03-30,22.544062115824396
1987-03-31,22.544062115824396
1987-04-01,21.871099317604923
1987-04-02,21.53461245460357
1987-04-03,21.53461245460357
1987-04-06,21.53461245460357
1987-04-07,21.53461245460357
1987-04-08,21.871090774206753
1987-04-09,21.871090774206753
1987-04-10,21.534604042645583
1987-04-13,21.198125854479247
1987-04-14,20.1886922994148
1987-04-15,20.525177233969146
1987-04-16,20.18870800357269
1987-04-20,19.852222807277144
1987-04-21,19.515747482916602
1987-04-22,19.515747482916602
1987-04-23,19.179276480563637
1987-04-24,19.179276480563637
1987-04-27,19.515757707138647
1987-04-28,19.515757707138647
1987-04-29,19.852228885767424
1987-04-30,19.852228885767424
1987-05-01,19.852228885767424
1987-05-04,19.852228885767424
1987-05-05,19.852228885767424
1987-05-06,19.51575345838255
1987-05-07,19.51575345838255
1987-05-08,19.683998768947266
1987-05-11,18.84280308155631
1987-05-12,19.01105047027152
1987-05-13,19.01105047027152
1987-05-14,19.347527052544855
1987-05-15,18.84280811432512
1987-05-18,19.011055547977925
1987-05-19,18.50633103423466
1987-05-20,18.84281314509911
1987-05-21,18.84281314509911
1987-05-22,19.011060623671703
1987-05-26,19.011060623671703
1987-05-29,19.266816422241956
1987-06-01,18.925813038384696
1987-06-02,19.778326286698732
1987-06-03,19.778326286698732
1987-06-04,19.43732816318976
1987-06-05,19.43732816318976
1987-06-08,19.43732816318976
1987-06-09,19.43732816318976
1987-06-10,20.460353619074766
1987-06-11,20.801366332843884
1987-06-12,21.142363131138193
1987-06-15,21.994886639675077
1987-06-16,22.847408445828883
1987-06-17,22.847408445828883
1987-06-18,22.847408445828883
1987-06-19,24.040934215630536
1987-06-22,24.211432521087787
1987-06-23,22.847408835714745
1987-06-24,22.506411258841702
1987-06-25,22.165394115447732
1987-06-26,22.165394115447732
1987-06-29,22.165394115447732
1987-06-30,22.33589032698376
1987-07-01,22.16537814022756
1987-07-02,22.16537814022756
1987-07-06,21.824363797540162
1987-07-07,22.506375166213292
1987-07-08,23.52940244939352
1987-07-09,24.89342543878731
1987-07-10,24.211420262040853
1987-07-13,24.211420262040853
1987-07-14,24.55243811643169
1987-07-15,24.55243811643169
1987-07-16,24.381945986151194
1987-07-17,24.211443037870033
1987-07-20,24.211443037870033
1987-07-21,24.381940019742718
1987-07-22,24.211437113184655
1987-07-23,24.211437113184655
1987-07-24,24.55245520492386
1987-07-27,25.234473305606237
1987-07-28,25.063963969480252
1987-07-29,24.89345382259588
1987-07-30,24.89345382259588
1987-07-31,24.89345382259588
1987-08-03,25.063949087826842
1987-08-04,24.89343904218235
1987-08-05,24.89343904218235
1987-08-06,25.57544459162102
1987-08-07,26.598462375285862
1987-08-10,26.9394812613994
1987-08-11,27.962508062301044
1987-08-12,27.962508062301044
1987-08-13,28.303510848120805
1987-08-14,27.962510149422645
1987-08-17,28.64451577196706
1987-08-18,27.962489851436526
1987-08-19,27.62148728769826
1987-08-20,27.62148728769826
1987-08-21,27.96250216975218
1987-08-24,27.96250216975218
1987-08-25,27.96250216975218
1987-08-26,28.303504883712307
1987-08-27,27.96250425687334
1987-08-28,27.96250425687334
1987-08-31,27.96250425687334
1987-09-01,27.96250425687334
1987-09-02,28.30350699628591
1987-09-03,28.30350699628591
1987-09-04,27.962506343994658
1987-09-08,27.962506343994658
1987-09-09,27.962506343994658
1987-09-10,27.962506343994658
1987-09-11,27.962506343994658
1987-09-14,28.133021707680335
1987-09-15,27.621507106991288
1987-09-16,27.621507106991288
1987-09-17,27.962522233734205
1987-09-18,27.621519275093814
1987-09-21,27.28050399812351
1987-09-22,27.28050399812351
1987-09-23,27.28050399812351
1987-09-24,27.28050399812351
1987-09-25,27.621510298100052
1987-09-28,28.644528175010784
1987-09-29,29.326554390857794
1987-09-30,29.667563565314687
1987-10-01,30.008562540934413
1987-10-02,30.34957984564959
1987-10-05,30.34957984564959
1987-10-06,30.34957984564959
1987-10-07,30.00857196650387
1987-10-08,30.00857196650387
1987-10-09,30.00857196650387
1987-10-12,29.667554554676517
1987-10-13,30.008553426727964
1987-10-14,29.667536225586627
1987-10-15,28.985509235296615
1987-10-16,27.962494672346054
1987-10-19,24.89344310708804
1987-10-20,21.14237463249648
1987-10-21,21.82438535339155
1987-10-22,20.460361268804576
1987-10-23,20.11934842753741
1987-10-26,17.39130561620233
1987-10-27,16.70928817515734
1987-10-28,16.36828502207873
1987-10-29,16.7092855039437
1987-10-30,18.41431770605162
1987-11-02,20.460350960688718
1987-11-03,19.77834608211608
1987-11-04,19.77834608211608
1987-11-05,20.119344546917844
1987-11-06,19.778341776192132
1987-11-09,19.0963252167237
1987-11-10,18.41431905793363
1987-11-11,18.41431905793363
1987-11-12,19.096330192882316
1987-11-13,19.096330192882316
1987-11-16,18.073320688119416
1987-11-17,19.096342932349728
1987-11-18,20.46037561166454
1987-11-19,20.119362531344922
1987-11-20,20.119362531344922
1987-11-23,19.437356380257395
1987-11-24,20.119374340927866
1987-11-25,19.77837106522348
1987-11-27,19.77837106522348
1987-11-30,19.26686283273467
1987-12-01,19.43737456880437
1987-12-02,19.096365269369265
1987-12-03,18.414357680139013
1987-12-04,18.584856217899414
1987-12-07,17.732331693471934
1987-12-08,17.050310751877618
1987-12-10,16.18918480735404
1987-12-11,15.844727522207966
1987-12-14,16.878073117023803
1987-12-15,18.944776292130253
1987-12-16,18.944776292130253
1987-12-17,19.633684137217276
1987-12-18,19.978137491720616
1987-12-21,19.63369442322586
1987-12-22,19.63369442322586
1987-12-23,19.63369442322586
1987-12-24,20.32260149314801
1987-12-28,19.63370594773328
1987-12-29,19.978159684880314
1987-12-30,19.633716233753294
1987-12-31,19.97817015135826
1988-01-04,19.97817015135826
1988-01-05,19.97817015135826
1988-01-06,20.667077392687546
1988-01-07,21.01153557159147
1988-01-08,20.3226303548057
1988-01-11,19.28928556915489
1988-01-12,18.600388024338095
1988-01-13,18.25592743851538
1988-01-14,20.322644471974826
1988-01-15,19.978195970819325
1988-01-18,20.322640047552223
1988-01-19,19.97819162138626
1988-01-20,19.289283639705996
1988-01-21,20.32262985356869
1988-01-22,20.667078106956826
1988-01-25,21.011536297765474
1988-01-26,21.011536297765474
1988-01-27,21.011536297765474
1988-01-28,21.011536297765474
1988-01-29,21.011536297765474
1988-02-01,21.70044153836031
1988-02-02,21.70044153836031
1988-02-03,22.044892646898703
1988-02-04,22.044892646898703
1988-02-05,22.389344094506498
1988-02-08,22.044884035612515
1988-02-09,22.044884035612515
1988-02-10,22.044884035612515
1988-02-11,22.21712071458276
1988-02-12,21.700439355244423
1988-02-16,22.044890429130216
1988-02-17,21.700439016175057
1988-02-18,22.389341153182553
1988-02-19,22.733801166824264
1988-02-22,22.389338611544545
1988-02-23,23.078236171283162
1988-02-24,22.906003294736877
1988-02-25,22.38933548442079
1988-02-26,22.38933548442079
1988-02-29,22.38933548442079
1988-03-01,22.38933548442079
1988-03-02,22.38933548442079
1988-03-03,23.078232947940936
1988-03-04,25.144934864894946
1988-03-07,25.144934864894946
1988-03-08,25.833830645388474
1988-03-09,26.522741407209047
1988-03-10,24.111585508621083
1988-03-11,25.144935728764054
1988-03-14,25.48939620331239
1988-03-15,25.48939620331239
1988-03-16,25.48939620331239
1988-03-17,25.83385990360395
1988-03-18,25.4894170495092
1988-03-21,25.66164904051273
1988-03-22,25.83386436722361
1988-03-23,25.83386436722361
1988-03-24,25.48942145361542
1988-03-25,25.14495741209126
1988-03-28,24.800496640503024
1988-03-29,25.14495073834297
1988-03-30,25.14495073834297
1988-03-31,24.456054522964592
1988-04-04,24.456054522964592
1988-04-05,24.456054522964592
1988-04-06,23.7671519231072
1988-04-07,24.45606658875038
1988-04-08,25.8338724682274
1988-04-11,26.178315489846277
1988-04-12,25.83386121463088
1988-04-13,26.178304086205554
1988-04-14,25.14494171070668
1988-04-15,25.489402267201644
1988-04-18,25.144938484962683
1988-04-19,25.489398997268182
1988-04-20,25.489398997268182
1988-04-21,25.1449352592191
1988-04-22,24.800474791103056
1988-04-26,25.14021649526638
1988-04-27,25.14021649526638
1988-04-28,24.12100697833178
1988-04-29,24.460751361621583
1988-05-02,24.800486737283148
1988-05-03,23.78128593432776
1988-05-04,24.12102538518557
1988-05-05,25.1402351918112
1988-05-06,24.46077005528212
1988-05-09,24.46077005528212
1988-05-10,24.46077005528212
1988-05-11,23.78129878468649
1988-05-12,23.951168601905504
1988-05-13,23.78130691418079
1988-05-16,23.78130691418079
1988-05-17,23.78130691418079
1988-05-18,23.4415671636048
1988-05-19,22.762089897800557
1988-05-20,22.08261875226131
1988-05-23,21.06341756636944
1988-05-24,20.383953842513495
1988-05-25,20.383953842513495
1988-05-26,21.742890893332344
1988-05-27,21.403158223124024
1988-05-31,21.403158223124024
1988-06-01,22.42235521455097
1988-06-02,22.762098740761846
1988-06-03,22.422374417055977
1988-06-06,23.781304840976073
1988-06-07,24.121044561934255
1988-06-08,24.2909049577394
1988-06-09,23.781306062630986
1988-06-10,24.12104580104173
1988-06-13,23.78130087093406
1988-06-14,23.78130087093406
1988-06-16,24.121040535176224
1988-06-20,25.140250981949556
1988-06-21,25.140250981949556
1988-06-22,25.479996333719622
1988-06-23,26.159471395950927
1988-06-24,25.819738340931714
1988-06-27,27.178682809291633
1988-06-28,26.499215739059345
1988-06-29,26.159469294068867
1988-06-30,26.838935349513008
1988-07-01,26.838935349513008
1988-07-05,27.178662593167147
1988-07-06,27.178662593167147
1988-07-07,27.178662593167147
1988-07-08,27.00879595195985
1988-07-11,26.499193989938274
1988-07-12,27.17865982303428
1988-07-13,27.858126318610132
1988-07-14,27.858126318610132
1988-07-15,27.858126318610132
1988-07-18,27.858126318610132
1988-07-19,27.17866661769923
1988-07-20,27.858133283141708
1988-07-21,27.518403347753797
1988-07-22,27.178661140022427
1988-07-25,27.178661140022427
1988-07-26,26.838927875772146
1988-07-27,27.51838217387519
1988-07-28,27.178640227556524
1988-07-29,27.518373230400982
1988-08-01,27.518373230400982
1988-08-02,27.178631394498456
1988-08-03,28.87729585665461
1988-08-04,28.87729585665461
1988-08-05,28.197841962443384
1988-08-08,28.537569562406905
1988-08-09,28.87730932804736
1988-08-10,28.87730932804736
1988-08-11,30.575988171960418
1988-08-12,30.236258367381765
1988-08-15,30.236258367381765
1988-08-16,30.91572756541357
1988-08-17,30.575994635197237
1988-08-18,30.915724511588913
1988-08-19,30.575991614931066
1988-08-22,30.91572145776457
1988-08-23,31.25545432086394
1988-08-24,31.25545432086394
1988-08-26,31.25545432086394
1988-08-29,31.59892050839591
1988-08-30,31.255440242469646
1988-08-31,31.255440242469646
1988-09-01,30.568508176820647
1988-09-02,30.568508176820647
1988-09-06,31.25544369257016
1988-09-07,30.225045480357203
1988-09-08,30.053306771937812
1988-09-09,29.709827528841334
1988-09-12,29.709827528841334
1988-09-13,29.53810472572463
1988-09-14,29.53810472572463
1988-09-15,29.709839266599992
1988-09-19,31.598909686527488
1988-09-20,30.225052291176645
1988-09-21,30.911977054598214
1988-09-22,30.568514077544574
1988-09-23,30.225046253369282
1988-09-26,30.9119708795696
1988-09-27,29.538119245798008
1988-09-28,30.568526997568423
1988-09-29,30.911994966913106
1988-09-30,30.56853179083573
1988-10-03,30.56853179083573
1988-10-04,30.91199981403756
1988-10-05,31.255463043971336
1988-10-06,31.59892932736153
1988-10-07,31.255448965573112
1988-10-10,31.94238122293848
1988-10-11,30.56850746415867
1988-10-12,30.396773589225027
1988-10-13,31.255452046347045
1988-10-14,30.911985883809738
1988-10-17,30.568522808654727
1988-10-18,31.255458653210816
1988-10-19,30.74024367277129
1988-10-20,30.568497931371514
1988-10-21,30.911965574128406
1988-10-24,31.94235412261083
1988-10-25,31.255433797204088
1988-10-26,32.28583168319651
1988-10-27,31.598886042473143
1988-10-28,31.598886042473143
1988-10-31,32.285814226150464
1988-11-01,31.598868956860663
1988-11-02,31.942348662421736
1988-11-03,32.28582473758876
1988-11-04,31.598879244647083
1988-11-07,31.942359062036395
1988-11-08,31.598882875042317
1988-11-09,32.62929084671457
1988-11-10,32.62929084671457
1988-11-11,30.911946010870288
1988-11-14,30.568483378743508
1988-11-15,30.911950857987073
1988-11-16,30.225025486020886
1988-11-17,30.911949640241684
1988-11-18,30.911949640241684
1988-11-21,30.911949640241684
1988-11-22,30.911949640241684
1988-11-23,30.911949640241684
1988-11-25,30.911949640241684
1988-11-28,30.911949640241684
1988-11-29,30.911949640241684
1988-11-30,29.881561622883506
1988-12-01,30.22502029217693
1988-12-02,29.538096255996617
1988-12-05,30.91197218905553
1988-12-06,30.225046343070343
1988-12-07,30.9119709713093
1988-12-08,30.225045152384865
1988-12-09,30.568522565496565
1988-12-12,30.225054645950642
1988-12-13,30.56853216694722
1988-12-14,30.2250641395194
1988-12-15,30.911989172218256
1988-12-16,30.911989172218256
1988-12-19,30.911989172218256
1988-12-20,31.25545228391078
1988-12-21,30.911986118762883
1988-12-22,31.942375352059607
1988-12-23,31.942375352059607
1988-12-27,30.911978207952867
1988-12-28,30.911978207952867
1988-12-29,30.911978207952867
1988-12-30,31.255441197821433
1989-01-03,31.942373284467156
1989-01-04,31.598896944539284
1989-01-05,30.911968523861944
1989-01-06,31.598894288399205
1989-01-09,30.911965925463697
1989-01-10,31.59889163225935
1989-01-11,31.42715165623802
1989-01-12,31.42715165623802
1989-01-13,30.91196635913731
1989-01-16,31.942354933786437
1989-01-17,31.59887879118343
1989-01-18,31.255398978723264
1989-01-19,31.255398978723264
1989-01-20,31.942330137477647
1989-01-23,31.942330137477647
1989-01-24,31.59885426150935
1989-01-25,31.59885426150935
1989-01-26,31.59885426150935
1989-01-27,31.942333807331956
1989-01-30,31.942333807331956
1989-01-31,31.942333807331956
1989-02-01,33.65964949981554
1989-02-02,34.34657562680778
1989-02-03,34.0031098705397
1989-02-06,34.34657528334202
1989-02-07,34.003109530508596
1989-02-08,34.34657493987626
1989-02-09,33.659643441078735
1989-02-10,34.346569444424276
1989-02-13,33.65963805553579
1989-02-14,33.65963805553579
1989-02-16,33.834028640301526
1989-02-17,33.13640480376714
1989-02-21,32.78761100680269
1989-02-22,31.39239979563022
1989-02-23,32.09000170388871
1989-02-24,31.217987997587237
1989-02-27,31.04357309864472
1989-02-28,31.04357309864472
1989-03-01,31.04357309864472
1989-03-02,31.04357309864472
1989-03-03,31.04357309864472
1989-03-06,31.04357309864472
1989-03-07,31.741184273317465
1989-03-08,31.741184273317465
1989-03-09,31.043576525358493
1989-03-10,31.043576525358493
1989-03-14,32.07835206167827
1989-03-15,32.07835206167827
1989-03-16,32.07835206167827
1989-03-17,31.733413541959038
1989-03-20,31.388471336757945
1989-03-21,31.388471336757945
1989-03-22,31.560950986753433
1989-03-23,31.560950986753433
1989-03-27,31.560950986753433
1989-03-28,32.07832965627929
1989-03-29,31.73339137748531
1989-03-30,32.42324357264046
1989-03-31,32.078325107514715
1989-04-03,31.73338687763361
1989-04-04,32.07832879299348
1989-04-05,33.11311152319786
1989-04-06,32.76817224046071
1989-04-07,32.76817224046071
1989-04-10,33.45804057063913
1989-04-11,34.49283084940785
1989-04-12,34.147902540913776
1989-04-13,34.49283050447954
1989-04-14,34.147902199434746
1989-04-17,35.18268607978422
1989-04-18,35.18268607978422
1989-04-19,34.1478929168056
1989-04-20,34.1478929168056
1989-04-21,34.837748649510914
1989-04-24,34.1478915507533
1989-04-25,35.18267510841577
1989-04-26,35.18267510841577
1989-04-27,35.18267510841577
1989-04-28,35.87253700194159
1989-05-01,35.18267224285725
1989-05-02,35.18267224285725
1989-05-03,35.8725340801952
1989-05-04,35.18266937729897
1989-05-05,36.217462049024086
1989-05-08,35.87252694046918
1989-05-09,35.87252694046918
1989-05-10,36.73483074306418
1989-05-11,36.21742065204812
1989-05-12,36.90729008062833
1989-05-15,36.90729008062833
1989-05-16,36.90729008062833
1989-05-17,37.59716114681543
1989-05-18,36.38991630239119
1989-05-19,37.252248149008956
1989-05-22,36.90732958339728
1989-05-23,38.976908089786285
1989-05-24,38.631962453191676
1989-05-25,37.94211149966503
1989-05-26,37.94211149966503
1989-05-30,38.63197497095194
1989-05-31,38.63197497095194
1989-06-01,38.28703006643631
1989-06-02,38.631957920304835
1989-06-05,39.66675354515812
1989-06-06,40.70154014489066
1989-06-07,41.04648569761861
1989-06-08,40.35661741249873
1989-06-09,40.70154542152336
1989-06-12,40.35659982407595
1989-06-13,40.18411571642785
1989-06-14,40.70152639039258
1989-06-15,38.63197587802029
1989-06-16,38.976920790635134
1989-06-19,38.28706826956168
1989-06-20,37.942140071521194
1989-06-21,38.63200406230159
1989-06-22,37.94215236576107
1989-06-23,37.94215236576107
1989-06-26,38.80446366257772
1989-06-27,38.97691069909421
1989-06-28,38.97691069909421
1989-06-29,43.11606373078452
1989-06-30,41.046492671706865
1989-07-03,40.701578993786505
1989-07-05,40.701578993786505
1989-07-06,42.081281118517886
1989-07-07,42.426221379846375
1989-07-10,42.77114655966452
1989-07-11,43.805951679529045
1989-07-12,44.15087974305365
1989-07-13,44.15087974305365
1989-07-14,44.840737239038866
1989-07-17,43.80594754577356
1989-07-18,44.49580360772441
1989-07-19,44.49580360772441
1989-07-20,44.49580360772441
1989-07-21,44.49580360772441
1989-07-24,44.49580360772441
1989-07-25,44.49580360772441
1989-07-26,44.840735077291484
1989-07-27,45.18565001150601
1989-07-28,46.56534864895734
1989-07-31,46.56534864895734
1989-08-01,46.56534864895734
1989-08-02,45.87548300872304
1989-08-03,46.22042076546563
1989-08-04,45.53058098554106
1989-08-07,46.220460348633985
1989-08-08,46.220460348633985
1989-08-09,45.703068515491374
1989-08-10,45.5305851349139
1989-08-11,44.840705708949685
1989-08-14,43.80591674330425
1989-08-15,44.495772320177814
1989-08-16,44.84070354720383
1989-08-17,43.460999939759915
1989-08-18,44.15085639180373
1989-08-21,44.84071352292566
1989-08-22,40.701556939051436
1989-08-23,42.771109004731386
1989-08-24,44.84067465614332
1989-08-25,42.77109815806368
1989-08-28,44.150808242446494
1989-08-29,42.771095484870045
1989-08-30,43.46095048394551
1989-08-31,43.46095048394551
1989-09-01,42.771094816913845
1989-09-05,43.46094980521585
1989-09-06,42.08123849269946
1989-09-07,42.77107623531029
1989-09-08,42.77107623531029
1989-09-11,42.08122154671098
1989-09-12,42.08122154671098
1989-09-13,40.011667071043725
1989-09-14,40.011667071043725
1989-09-15,40.011667071043725
1989-09-18,39.32182591907186
1989-09-19,39.32182591907186
1989-09-20,37.94210169122347
1989-09-21,38.631964984173294
1989-09-22,39.32181598289567
1989-09-25,38.976885013093714
1989-09-26,39.32183044545959
1989-09-27,37.94210605878931
1989-09-28,38.63196943115021
1989-09-29,37.94211835301816
1989-10-02,38.63198194891274
1989-10-03,37.942130647251005
1989-10-04,38.631994466679316
1989-10-05,38.631994466679316
1989-10-06,40.0116975170623
1989-10-09,39.321855840170635
1989-10-10,40.01171847903059
1989-10-11,40.01171847903059
1989-10-12,40.01171847903059
1989-10-13,38.63199439071818
1989-10-16,37.25229134304807
1989-10-17,37.25229134304807
1989-10-18,37.94216652642997
1989-10-19,37.25230205464642
1989-10-20,37.94217743639642
1989-10-23,37.94217743639642
1989-10-24,36.5624480960993
1989-10-25,36.5624480960993
1989-10-26,35.8725878254221
1989-10-27,35.8725878254221
1989-10-30,36.562453561892795
1989-10-31,35.5276630011841
1989-11-01,35.1827249211056
1989-11-02,35.1827249211056
1989-11-03,35.87258779135865
1989-11-06,33.113160720683965
1989-11-07,34.4928867884327
1989-11-08,37.25231773150732
1989-11-09,36.90739852163129
1989-11-10,36.56246197504812
1989-11-13,37.25232250759334
1989-11-14,37.25232250759334
1989-11-15,37.942198268111454
1989-11-16,39.32192836593306
1989-11-17,37.9422005434292
1989-11-20,39.32193072399046
1989-11-21,38.28713479505793
1989-11-22,39.32192118716396
1989-11-24,39.32192118716396
1989-11-27,39.32192118716396
1989-11-28,37.94219361654875
1989-11-29,38.63205858088484
1989-11-30,37.94220591080598
1989-12-01,39.32193628654653
1989-12-04,39.32193628654653
1989-12-05,40.0118003367577
1989-12-06,39.321956887151664
1989-12-07,39.321956887151664
1989-12-08,38.63209247552347
1989-12-11,38.287146521809525
1989-12-12,36.56250200673462
1989-12-13,36.56250200673462
1989-12-14,35.18277943100848
1989-12-15,35.872643370091694
1989-12-18,35.182776565441465
1989-12-19,32.42335621663732
1989-12-20,33.113227966858716
1989-12-21,33.113227966858716
1989-12-22,33.113227966858716
1989-12-26,33.113227966858716
1989-12-27,31.388591714660812
1989-12-28,31.043662480308406
1989-12-29,34.14802872833925
1990-01-02,32.42338253741447
1990-01-03,35.18280693164366
1990-01-04,34.837874692485826
1990-01-05,35.18280448981613
1990-01-08,35.18280448981613
1990-01-09,35.18280448981613
1990-01-10,35.872668920252444
1990-01-11,35.872668920252444
1990-01-12,34.14801861657347
1990-01-15,35.18280602471149
1990-01-16,33.8030771036464
1990-01-17,33.8030771036464
1990-01-18,33.11322390611519
1990-01-19,33.11322390611519
1990-01-22,31.733495205619086
1990-01-23,32.423349657894036
1990-01-24,29.663928061909303
1990-01-25,31.043656683924823
1990-01-26,30.353804545094647
1990-01-29,28.629162078451458
1990-01-30,28.974086223172645
1990-01-31,28.974086223172645
1990-02-01,29.319022719659515
1990-02-02,25.869727653759732
1990-02-05,24.834938547609344
1990-02-06,24.834938547609344
1990-02-07,24.14507362463385
1990-02-08,24.14507362463385
1990-02-09,24.83492252316326
1990-02-12,24.83492252316326
1990-02-13,24.145058045314833
1990-02-14,23.45520959190214
1990-02-15,23.45520959190214
1990-02-16,24.145074216419165
1990-02-20,22.765352240470325
1990-02-21,23.455210709413297
1990-02-22,22.765346052028033
1990-02-23,22.765346052028033
1990-02-26,22.765346052028033
1990-02-27,22.420405528647702
1990-02-28,24.145050383127867
1990-03-01,25.179834807397576
1990-03-02,24.489982873179304
1990-03-05,24.145041464410575
1990-03-06,24.145041464410575
1990-03-07,23.800105402050004
1990-03-08,23.455170474458093
1990-03-09,23.110238737460712
1990-03-12,22.765318424304112
1990-03-13,22.420378319539054
1990-03-14,23.11023094005295
1990-03-15,22.075447239481136
1990-03-16,22.765304965714922
1990-03-19,23.800101902931495
1990-03-20,23.11023214917312
1990-03-21,23.455152363999535
1990-03-22,23.110220893334557
1990-03-23,23.455140940167578
1990-03-26,22.76527833483537
1990-03-27,23.45513456421589
1990-03-28,23.11020335531453
1990-03-29,23.11020335531453
1990-03-30,23.800066035674025
1990-04-02,23.455131678619004
1990-04-03,23.110200512153234
1990-04-04,21.385555578532774
1990-04-05,22.420338456311242
1990-04-06,23.11018985027348
1990-04-09,23.11018985027348
1990-04-10,23.455109433788813
1990-04-11,23.11017859445552
1990-04-12,24.144959951200857
1990-04-16,25.86961029555518
1990-04-17,25.86961029555518
1990-04-18,25.86961029555518
1990-04-19,25.52469078148454
1990-04-20,25.17975011026356
1990-04-23,24.834812713503055
1990-04-24,24.834812713503055
1990-04-25,24.834812713503055
1990-04-26,25.524674141058746
1990-04-27,25.524674141058746
1990-04-30,25.17973369471648
1990-05-01,24.834796522832562
1990-05-02,24.14493554502132
1990-05-03,24.14493554502132
1990-05-04,23.455090591564517
1990-05-07,24.834812840522712
1990-05-08,24.144951409438672
1990-05-09,23.80001663360343
1990-05-10,23.80001663360343
1990-05-11,24.83479375679924
1990-05-14,24.83479375679924
1990-05-15,24.83479375679924
1990-05-16,24.48986330631105
1990-05-17,25.179718265786526
1990-05-18,25.179718265786526
1990-05-21,25.179718265786526
1990-05-22,24.489869524458772
1990-05-23,24.834809336710773
1990-05-24,24.834809336710773
1990-05-25,24.4898786698332
1990-05-29,23.455083336518065
1990-05-30,23.455083336518065
1990-05-31,23.8000137920649
1990-06-01,23.455080192176506
1990-06-04,24.834801829401098
1990-06-05,24.14494070418399
1990-06-06,24.14494070418399
1990-06-07,26.21450015170242
1990-06-08,25.524639365710218
1990-06-11,26.214493793847268
1990-06-12,28.973910054069005
1990-06-13,27.939135830397984
1990-06-14,28.284072401360074
1990-06-15,27.594223875490904
1990-06-18,21.730451301949085
1990-06-19,23.11016111601244
1990-06-20,23.455080270668926
1990-06-21,23.800010681129386
1990-06-22,22.075366707132027
1990-06-25,22.765221916729907
1990-06-26,21.730428754504945
1990-06-27,21.730428754504945
1990-06-28,21.730428754504945
1990-06-29,22.765210041365723
1990-07-02,23.110148503912498
1990-07-03,22.420287460922207
1990-07-05,23.455073408393613
1990-07-06,24.489864337025125
1990-07-09,24.489864337025125
1990-07-10,24.144924597838127
1990-07-11,23.79999020503341
1990-07-12,23.110123688950313
1990-07-13,22.765205092892735
1990-07-16,22.765205092892735
1990-07-17,22.765205092892735
1990-07-18,22.765205092892735
1990-07-19,23.455059102822663
1990-07-20,22.76519890449044
1990-07-23,22.4202606106896
1990-07-24,22.4202606106896
1990-07-25,23.455045318915367
1990-07-26,22.42025562953546
1990-07-27,23.455040107861038
1990-07-30,23.110110288034836
1990-07-31,23.45502868408376
1990-08-01,22.075310076771217
1990-08-02,22.075310076771217
1990-08-03,22.075310076771217
1990-08-06,21.040529916922566
1990-08-07,22.075303178236815
1990-08-08,20.695596729597018
1990-08-09,20.695596729597018
1990-08-10,21.040530240289208
1990-08-13,21.040530240289208
1990-08-14,21.040530240289208
1990-08-15,21.040530240289208
1990-08-16,21.040530240289208
1990-08-17,21.73038610527757
1990-08-20,21.040533267979427
1990-08-21,21.385450729841416
1990-08-22,21.040524795019806
1990-08-23,20.695607472055045
1990-08-24,20.695607472055045
1990-08-27,21.38545415592106
1990-08-28,20.69560217575936
1990-08-29,20.69560217575936
1990-08-30,21.04053577722274
1990-08-31,21.385453280218755
1990-09-04,20.35067535234881
1990-09-05,20.35067535234881
1990-09-06,21.04052254544273
1990-09-07,20.3506669327453
1990-09-10,20.3506669327453
1990-09-11,20.6955903865884
1990-09-12,20.35065698161513
1990-09-13,20.35065698161513
1990-09-14,19.315887126070947
1990-09-17,18.62603953325045
1990-09-18,19.66082778555971
1990-09-19,18.281129195708058
1990-09-20,17.246344158714198
1990-09-21,16.211563509191347
1990-09-24,16.211563509191347
1990-09-25,15.866630072406284
1990-09-26,16.556479414694362
1990-09-27,16.901400550340693
1990-09-28,16.901400550340693
1990-10-01,17.246324332772044
1990-10-02,17.591250819427486
1990-10-03,17.246321573360152
1990-10-04,17.93617443629456
1990-10-05,18.281105006878942
1990-10-08,17.591249228339358
1990-10-09,17.24632001347008
1990-10-10,17.24632001347008
1990-10-11,17.24632001347008
1990-10-12,17.24632001347008
1990-10-15,17.24632001347008
1990-10-16,17.24632001347008
1990-10-17,17.24632001347008
1990-10-18,17.936172814008884
1990-10-19,17.246311735236475
1990-10-22,17.246311735236475
1990-10-23,17.246311735236475
1990-10-24,17.936164204645934
1990-10-25,18.626024952285025
1990-10-26,17.591237510035878
1990-10-29,16.556450554745524
1990-10-30,16.556450554745524
1990-10-31,16.21153002033851
1990-11-01,15.866597296095767
1990-11-02,15.866597296095767
1990-11-05,15.521673337475944
1990-11-06,15.521673337475944
1990-11-07,15.866595962381332
1990-11-08,15.521672032755125
1990-11-09,15.17674943684324
1990-11-12,15.17674943684324
1990-11-13,15.521671421294377
1990-11-14,14.486888152650945
1990-11-15,17.93614378735637
1990-11-16,19.315845775911185
1990-11-19,19.660768833931634
1990-11-20,20.695554419199127
1990-11-21,22.07526494566387
1990-11-23,23.454969004767865
1990-11-26,23.454969004767865
1990-11-27,23.799897778951983
1990-11-28,23.799897778951983
1990-11-29,22.76512582331871
1990-11-30,24.14482903896676
1990-12-03,23.79989601131608
1990-12-04,23.79989601131608
1990-12-05,23.79989601131608
1990-12-06,23.79989601131608
1990-12-07,23.79989601131608
1990-12-10,23.79989601131608
1990-12-11,22.420192239644074
1990-12-12,22.420192239644074
1990-12-13,22.420192239644074
1990-12-14,22.420192239644074
1990-12-17,22.765126897251
1990-12-18,22.765126897251
1990-12-19,22.42018969450385
1990-12-20,23.110036511214044
1990-12-26,22.75987323799613
1990-12-27,23.110033887762697
1990-12-28,23.110033887762697
1990-12-31,22.05956729739444
1991-01-02,22.05956729739444
1991-01-03,22.409718809105982
1991-01-07,22.059566952713702
1991-01-08,21.709415446473276
1991-01-09,22.759868931681776
1991-01-10,23.110029515195702
1991-01-11,24.160495906808922
1991-01-14,22.409729731417926
1991-01-15,22.409729731417926
1991-01-16,22.409729731417926
1991-01-17,23.110033785524735
1991-01-18,22.409730431721982
1991-01-21,22.059578393726326
1991-01-22,22.409730081569947
1991-01-23,21.709426016520887
1991-01-24,23.110031345402746
1991-01-25,22.7598681504572
1991-01-28,22.7598681504572
1991-01-29,22.40970757896242
1991-01-30,22.40970757896242
1991-01-31,22.40970757896242
1991-02-01,26.61152775001787
1991-02-04,27.311836714287338
1991-02-05,25.911231103905255
1991-02-06,28.012139633040995
1991-02-07,27.311836142214972
1991-02-08,27.662001193394307
1991-02-11,28.712465688713458
1991-02-12,28.712465688713458
1991-02-13,29.76291124593504
1991-02-14,29.76291124593504
1991-02-15,29.76291124593504
1991-02-19,28.712459056421007
1991-02-20,27.662013741841843
1991-02-21,27.662013741841843
1991-02-22,28.01215951178608
1991-02-25,28.362311505683408
1991-02-26,28.01215040783424
1991-02-27,28.362302287932163
1991-02-28,30.813372451655262
1991-03-01,30.813372451655262
1991-03-04,30.813372451655262
1991-03-05,32.914289812154024
1991-03-06,32.914289812154024
1991-03-07,32.914289812154024
1991-03-08,33.264432027175715
1991-03-11,33.61457343869377
1991-03-12,33.96473645020464
1991-03-13,33.96473645020464
1991-03-14,32.914275081272706
1991-03-15,32.914275081272706
1991-03-18,32.914275081272706
1991-03-19,32.213958050368475
1991-03-20,31.863792326360965
1991-03-21,33.61454839573287
1991-03-22,33.264385645094514
1991-03-25,33.264385645094514
1991-03-26,32.91424472179425
1991-03-27,31.51364486614774
1991-03-28,32.564089190471044
1991-04-01,31.513636801364825
1991-04-02,31.863784819864794
1991-04-03,32.914238214021275
1991-04-04,33.614554460501004
1991-04-05,33.614554460501004
1991-04-08,33.614554460501004
1991-04-09,33.614554460501004
1991-04-10,35.36530130046728
1991-04-11,37.466212389522845
1991-04-12,37.466212389522845
1991-04-15,38.16653083150781
1991-04-16,38.16653083150781
1991-04-17,39.216988259583395
1991-04-18,37.11609498152925
1991-04-19,42.01820322621472
1991-04-22,38.516700296764576
1991-04-23,40.26747690875401
1991-04-24,39.56718521783387
1991-04-25,39.217015628656036
1991-04-26,39.91731387673695
1991-04-29,38.86684984475674
1991-04-30,38.86684984475674
1991-05-01,39.21700129500815
1991-05-02,38.86683269044503
1991-05-03,39.21698398615325
1991-05-06,38.51668630311251
1991-05-07,38.51668630311251
1991-05-08,39.2169966934757
1991-05-09,37.8164008735649
1991-05-10,37.11607894578736
1991-05-13,35.715466590689125
1991-05-14,35.0151577217789
1991-05-15,35.0151577217789
1991-05-16,35.0151577217789
1991-05-17,35.0151577217789
1991-05-20,35.71546087621447
1991-05-21,35.71546087621447
1991-05-22,35.36530649778407
1991-05-23,37.116065995956866
1991-05-24,35.715454129533434
1991-05-28,36.41576275410533
1991-05-29,36.41576275410533
1991-05-30,35.71545122058113
1991-05-31,37.11606835564744
1991-06-03,37.11606835564744
1991-06-04,36.41576237791308
1991-06-05,37.116073904202736
1991-06-06,39.216992151476234
1991-06-07,37.116098664929495
1991-06-10,39.21701831375917
1991-06-11,37.116123425672775
1991-06-12,39.217044476059556
1991-06-13,39.56721346618629
1991-06-14,40.617683416500064
1991-06-17,42.71859247353512
1991-06-18,41.31797798210532
1991-06-19,42.368446254322365
1991-06-20,41.31800536633895
1991-06-21,40.61770649338487
1991-06-24,41.317996371037324
1991-06-25,41.317996371037324
1991-06-26,40.61769765054461
1991-06-27,39.917407925351576
1991-06-28,39.917407925351576
1991-07-01,39.917407925351576
1991-07-02,40.26756342767276
1991-07-03,39.21710350053506
1991-07-05,38.516803683326
1991-07-08,38.516803683326
1991-07-09,39.21711620789623
1991-07-10,41.318016340269445
1991-07-11,41.318016340269445
1991-07-12,40.61771728131822
1991-07-15,42.018338026329914
1991-07-16,40.61774076489826
1991-07-17,40.61774076489826
1991-07-18,40.61774076489826
1991-07-19,40.61774076489826
1991-07-22,39.91745029637065
1991-07-23,38.86698267437136
1991-07-24,39.21713532128478
1991-07-25,39.91743570671696
1991-07-26,40.6177471987556
1991-07-29,40.96791279735607
1991-07-30,41.31806554803508
1991-07-31,42.01836544100873
1991-08-01,42.01836544100873
1991-08-02,40.267586208178216
1991-08-05,39.21712568676548
1991-08-06,38.16665575811978
1991-08-07,38.86697572462552
1991-08-08,37.81651797171606
1991-08-09,38.516842068034265
1991-08-12,38.516842068034265
1991-08-13,38.516842068034265
1991-08-14,38.16668545679377
1991-08-15,38.516826629174396
1991-08-16,38.516826629174396
1991-08-19,36.766044274745276
1991-08-20,37.11620408041795
1991-08-21,37.81651261900728
1991-08-22,38.86697970653807
1991-08-23,39.21713232671427
1991-08-26,37.11623133083986
1991-08-27,38.16669490996529
1991-08-28,37.816553650861266
1991-08-29,39.21716534842821
1991-08-30,38.866995279032096
1991-09-03,39.5673007999697
1991-09-04,38.5168285310313
1991-09-05,37.816515554680095
1991-09-06,40.617736127877464
1991-09-09,40.617736127877464
1991-09-10,39.91744573929673
1991-09-11,39.91744573929673
1991-09-12,41.318069075397176
1991-09-13,40.61776912263827
1991-09-16,41.31806008008168
1991-09-17,43.4189594809736
1991-09-18,43.4189594809736
1991-09-19,44.46943778665627
1991-09-20,43.06882837412775
1991-09-23,42.01837965008277
1991-09-24,39.2171403339507
1991-09-25,39.2171403339507
1991-09-26,37.81653938406399
1991-09-27,37.81653938406399
1991-09-30,38.867007215074516
1991-10-01,38.867007215074516
1991-10-02,38.16670147907331
1991-10-03,37.11623935426477
1991-10-04,35.01531174185597
1991-10-07,35.365464859274525
1991-10-08,35.715618326846204
1991-10-09,35.715618326846204
1991-10-10,35.715618326846204
1991-10-11,36.415930170999005
1991-10-14,37.11624492411748
1991-10-15,38.51686354257398
1991-10-16,40.61776586450368
1991-10-17,39.217143444198
1991-10-18,42.01838478327362
1991-10-21,41.318064364090795
1991-10-22,42.018364236997776
1991-10-23,40.61776610188593
1991-10-24,37.11623033954064
1991-10-25,37.11623033954064
1991-10-28,35.71561227144774
1991-10-29,36.41592399686629
1991-10-30,35.71560936248255
1991-10-31,35.015297694103
1991-11-01,33.614685786338875
1991-11-04,35.715603647985056
1991-11-05,35.01529209165537
1991-11-06,35.01529209165537
1991-11-07,35.01529209165537
1991-11-08,36.41590377532158
1991-11-11,35.715589529818374
1991-11-12,35.715589529818374
1991-11-13,35.715589529818374
1991-11-14,36.06574516956871
1991-11-15,34.314969636057164
1991-11-18,35.01526953638982
1991-11-19,30.81343719202304
1991-11-20,33.61465595371266
1991-11-21,33.96481982478248
1991-11-22,33.6146764972088
1991-11-25,33.6146764972088
1991-11-26,34.314971052675155
1991-11-27,34.314971052675155
1991-11-29,33.61467112343216
1991-12-02,31.51375417821765
1991-12-03,32.214052823566
1991-12-04,32.214052823566
1991-12-05,30.813450234902994
1991-12-06,30.813450234902994
1991-12-09,31.513747518391636
1991-12-10,33.614674524200254
1991-12-11,33.26451045968166
1991-12-12,32.91436822258305
1991-12-13,34.314973333558626
1991-12-16,36.415873260932415
1991-12-17,34.314968700762705
1991-12-18,36.4158683444982
1991-12-19,35.71555478036515
1991-12-20,35.71555478036515
1991-12-23,38.51676145734397
1991-12-24,39.21707321416139
1991-12-26,41.317971043317236
1991-12-27,39.91737446089087
1991-12-30,38.51675362580713
1991-12-31,39.917376854655984
1992-01-02,39.56722162488694
1992-01-03,39.91739153626719
1992-01-06,35.715567150985095
1992-01-07,34.66510088994032
1992-01-08,35.01525307402961
1992-01-09,35.3654056047699
1992-01-10,33.61464120030577
1992-01-13,34.31493502043175
1992-01-14,34.31493502043175
1992-01-15,34.66508461738023
1992-01-16,35.715540676540705
1992-01-17,36.41585099812632
1992-01-20,37.11616422867128
1992-01-21,37.11616422867128
1992-01-22,37.11616422867128
1992-01-23,34.314933082005005
1992-01-24,33.26448435049867
1992-01-27,33.61462631277202
1992-01-28,35.36537689502013
1992-01-29,32.91430871855697
1992-01-30,31.513706139656215
1992-01-31,31.863854928573936
1992-02-03,31.51370302676384
1992-02-04,33.6146270664491
1992-02-05,34.314920592124444
1992-02-06,34.314920592124444
1992-02-07,34.314920592124444
1992-02-10,32.914322793236295
1992-02-11,33.264465359110744
1992-02-12,32.214006807535384
1992-02-13,31.513706513546374
1992-02-14,32.914301685834424
1992-02-18,32.213984088864926
1992-02-19,30.813384488649255
1992-02-20,31.513680277922784
1992-02-21,32.91427428419478
1992-02-24,30.81335615663463
1992-02-25,30.113061011262793
1992-02-26,30.113061011262793
1992-02-27,29.062596990945902
1992-02-28,30.11306455918364
1992-03-02,30.11306455918364
1992-03-03,34.66504573714352
1992-03-04,34.66504573714352
1992-03-05,35.0151973641344
1992-03-06,34.31489341685171
1992-03-09,36.41578845140504
1992-03-10,36.41578845140504
1992-03-11,33.614576756357614
1992-03-12,32.914284278792415
1992-03-13,33.61460150539228
1992-03-16,32.213981904467104
1992-03-17,33.61458140970952
1992-03-18,32.21396264611115
1992-03-19,32.21396264611115
1992-03-20,32.21396264611115
1992-03-23,32.91426198007496
1992-03-24,31.513661390036834
1992-03-25,32.21395797344623
1992-03-26,30.813359508676733
1992-03-27,30.813359508676733
1992-03-30,30.813359508676733
1992-03-31,31.513654730230424
1992-04-01,30.113061859400062
1992-04-02,28.712443126195645
1992-04-03,28.712443126195645
1992-04-06,30.113036101891474
1992-04-07,31.513653637062646
1992-04-08,30.813357225939836
1992-04-09,31.863815387129353
1992-04-10,32.213966854418516
1992-04-13,31.51366742897031
1992-04-14,30.813370711363735
1992-04-15,32.21399247704877
1992-04-16,30.813392512131646
1992-04-20,28.712473783869484
1992-04-21,28.712473783869484
1992-04-22,30.11306825504664
1992-04-23,28.712449224367912
1992-04-24,32.2139611197288
1992-04-27,30.81336251816523
1992-04-28,30.81336251816523
1992-04-29,30.11306722821489
1992-04-30,31.513686211133617
1992-05-01,33.61460912977126
1992-05-04,34.314902281771786
1992-05-05,35.015200807538186
1992-05-06,35.715504823688946
1992-05-07,36.415814442271845
1992-05-08,36.415814442271845
1992-05-11,36.415814442271845
1992-05-12,36.415814442271845
1992-05-13,36.06567638640939
1992-05-14,34.31490419190754
1992-05-15,35.01520275665599
1992-05-18,34.66505072908943
1992-05-19,35.01520240650396
1992-05-20,35.01520240650396
1992-05-21,35.01520240650396
1992-05-22,35.01520240650396
1992-05-26,32.213986213983645
1992-05-27,32.91428606028943
1992-05-28,32.91428606028943
1992-05-29,31.513684445565936
1992-06-01,32.91427863706466
1992-06-02,34.314879935907676
1992-06-03,35.01517800563968
1992-06-04,34.31487444552689
1992-06-05,35.36532138205336
1992-06-08,35.01516933504965
1992-06-09,35.01516933504965
1992-06-10,35.01516933504965
1992-06-11,34.314865948348654
1992-06-12,34.66501484048561
1992-06-15,35.01516615538935
1992-06-16,35.01516615538935
1992-06-17,35.01516615538935
1992-06-18,25.210919631880333
1992-06-19,24.510610706345958
1992-06-22,25.911220533938685
1992-06-23,24.860753742272276
1992-06-24,26.26135888660441
1992-06-25,25.91121618856931
1992-06-26,26.261380364141637
1992-06-29,25.911237379746535
1992-06-30,26.61154039240894
1992-07-01,26.261385743925622
1992-07-02,26.611528800049385
1992-07-06,25.911219808147283
1992-07-07,25.911219808147283
1992-07-08,25.911219808147283
1992-07-09,27.311824883656875
1992-07-10,28.01212738549872
1992-07-13,28.01212738549872
1992-07-14,28.01212738549872
1992-07-15,26.961672608542518
1992-07-16,25.21091639770681
1992-07-17,25.21091639770681
1992-07-20,25.21091639770681
1992-07-21,25.21091639770681
1992-07-22,25.56107081555456
1992-07-23,26.611528581790594
1992-07-24,26.261374088711392
1992-07-27,26.261374088711392
1992-07-28,25.9112311879866
1992-07-29,26.261395566261054
1992-07-30,26.611538753346014
1992-07-31,27.311848007179066
1992-08-03,28.36231630523119
1992-08-04,27.662022353338724
1992-08-05,28.362314111235847
1992-08-06,27.662020213515323
1992-08-07,27.31187436165265
1992-08-10,27.662039902843397
1992-08-11,26.261427836442724
1992-08-12,26.261427836442724
1992-08-13,26.61157145378602
1992-08-14,26.261416396597102
1992-08-17,26.261416396597102
1992-08-18,26.261416396597102
1992-08-19,26.96172958764516
1992-08-20,26.61157760549041
1992-08-21,26.61157760549041
1992-08-24,26.61157760549041
1992-08-25,26.61157760549041
1992-08-26,26.61157760549041
1992-08-27,26.61157760549041
1992-08-28,26.96173274362345
1992-08-31,28.012188813047764
1992-09-01,27.311884092721566
1992-09-02,26.611580072700093
1992-09-03,27.66204558448986
1992-09-04,26.611579403418858
1992-09-08,26.961734565209046
1992-09-09,27.311886612007417
1992-09-10,27.311886612007417
1992-09-11,26.611582527388933
1992-09-14,26.611582527388933
1992-09-15,26.261427324493546
1992-09-16,26.611570935011024
1992-09-17,25.21095073355952
1992-09-18,25.91126052303634
1992-09-21,25.210956884880236
1992-09-22,25.210956884880236
1992-09-23,25.91126684522844
1992-09-24,25.91126684522844
1992-09-25,25.21096303620245
1992-09-28,25.56111810181227
1992-09-29,25.56111810181227
1992-09-30,25.56111810181227
1992-10-01,24.86082014917692
1992-10-02,23.8103510545936
1992-10-05,22.409730964158182
1992-10-06,22.759883010473157
1992-10-07,23.810342650938537
1992-10-08,23.810342650938537
1992-10-09,22.75987795386443
1992-10-12,23.460176638626884
1992-10-13,23.11003350229538
1992-10-14,23.810336847515437
1992-10-15,24.86080128855413
1992-10-16,24.86080128855413
1992-10-19,25.210965674703413
1992-10-20,24.510655470191505
1992-10-21,24.160496246144344
1992-10-22,24.160496246144344
1992-10-23,24.51065431823972
1992-10-26,24.51065431823972
1992-10-27,24.160495110649347
1992-10-28,24.860811221926625
1992-10-29,24.510646695865788
1992-10-30,24.160487597168647
1992-11-02,24.160487597168647
1992-11-03,24.510645543914414
1992-11-04,24.860804626154778
1992-11-05,25.911273064828322
1992-11-06,26.961741986149523
1992-11-09,26.961741986149523
1992-11-10,26.961741986149523
1992-11-11,26.961741986149523
1992-11-12,28.71250270202014
1992-11-13,29.062651672471272
1992-11-16,28.362358017771403
1992-11-17,28.362358017771403
1992-11-18,29.0626529995882
1992-11-19,30.46326943559735
1992-11-20,30.813414254490105
1992-11-23,29.412790509552256
1992-11-24,29.412790509552256
1992-11-25,29.412790509552256
1992-11-27,29.412790509552256
1992-11-30,29.062631238536035
1992-12-01,28.01216243241915
1992-12-02,26.61155431079819
1992-12-03,26.61155431079819
1992-12-04,27.31186397404116
1992-12-07,27.31186397404116
1992-12-08,28.01216747819955
1992-12-09,27.311863291244563
1992-12-10,27.311863291244563
1992-12-11,27.66202869050161
1992-12-14,27.311882731337242
1992-12-15,27.311882731337242
1992-12-16,26.961717082838764
1992-12-17,26.61156526308394
1992-12-18,26.61156526308394
1992-12-21,26.26141028735228
1992-12-22,25.561097259219455
1992-12-23,25.21093578786541
1992-12-24,25.21093578786541
1992-12-28,24.16047172639242
1992-12-29,24.16047172639242
1992-12-30,25.561078432843114
1992-12-31,25.210917219391597
1993-01-04,25.56107164865173
1993-01-05,27.661987249597715
1993-01-06,28.36227811880853
1993-01-07,28.36227811880853
1993-01-08,28.01211743315372
1993-01-11,29.062571836896986
1993-01-12,28.712425971406052
1993-01-13,28.012129901963455
1993-01-14,27.311826654414368
1993-01-15,27.311826654414368
1993-01-18,26.261359177632286
1993-01-19,25.911216475716913
1993-01-20,26.261380655169752
1993-01-21,25.911237666894372
1993-01-22,25.56107320106396
1993-01-25,26.611531065334884
1993-01-26,26.611531065334884
1993-01-27,26.611531065334884
1993-01-28,25.561067488061852
1993-01-29,25.911228551580805
1993-02-01,25.56106420893474
1993-02-02,25.56106420893474
1993-02-03,26.261360685066926
1993-02-04,25.561048979678244
1993-02-05,26.261345038574486
1993-02-08,25.561033750430823
1993-02-09,25.561033750430823
1993-02-10,26.261329392091373
1993-02-11,26.261329392091373
1993-02-12,27.31178256777503
1993-02-16,27.661946932076468
1993-02-17,27.311802007810243
1993-02-18,28.362268536634645
1993-02-19,27.661975764196598
1993-02-22,27.661975764196598
1993-02-23,28.0121210534198
1993-02-24,27.311818027084303
1993-02-25,27.661982846009547
1993-02-26,27.661982846009547
1993-03-01,27.661982846009547
1993-03-02,29.062592023451547
1993-03-03,28.712445914753005
1993-03-04,28.362297636822596
1993-03-05,28.712458563446805
1993-03-08,29.412755427809273
1993-03-09,30.113073134545413
1993-03-10,30.813382763362398
1993-03-11,30.813382763362398
1993-03-12,30.463219481639545
1993-03-15,30.113075236917577
1993-03-16,30.463230075772458
1993-03-17,30.81337444226338
1993-03-18,30.81337444226338
1993-03-19,30.11307888131406
1993-03-22,30.11307888131406
1993-03-23,30.46323376254598
1993-03-24,32.21398627011326
1993-03-25,31.16352039183114
1993-03-26,31.513673706953753
1993-03-29,31.513673706953753
1993-03-30,31.513673706953753
1993-03-31,32.56411899262765
1993-04-01,32.21395702109992
1993-04-02,33.96472115728266
1993-04-05,34.31486346769309
1993-04-06,33.964714600868746
1993-04-07,34.66503305122406
1993-04-08,35.7154875477753
1993-04-12,36.76595146753046
1993-04-13,35.715511468151654
1993-04-14,36.41582121701917
1993-04-15,35.36537043819303
1993-04-16,35.36537043819303
1993-04-19,34.665065372775935
1993-04-20,33.61460989678471
1993-04-21,33.96477328807951
1993-04-22,36.41584115241377
1993-04-23,36.065702839733305
1993-04-26,35.71554093086234
1993-04-27,36.76600642072086
1993-04-28,39.21708577077106
1993-04-29,39.21708577077106
1993-04-30,38.866916411923846
1993-05-03,38.166612312013804
1993-05-04,38.166612312013804
1993-05-05,38.516752813364214
1993-05-06,39.2170644130168
1993-05-07,39.2170644130168
1993-05-10,38.16659612564973
1993-05-11,37.11613690048348
1993-05-12,37.8164441715218
1993-05-13,36.41583652874115
1993-05-14,36.06569826051731
1993-05-17,36.76598592364177
1993-05-18,35.7155449398174
1993-05-19,36.76601054758731
1993-05-20,37.116170032042525
1993-05-21,36.76601608396024
1993-05-24,37.46633515832751
1993-05-25,39.567259902330726
1993-05-26,42.018332951500405
1993-05-27,40.967874627712895
1993-05-28,41.31802705215596
1993-06-01,41.31802705215596
1993-06-02,41.66819733142299
1993-06-03,42.36851472397221
1993-06-04,42.0183813182933
1993-06-07,42.36852048981864
1993-06-08,42.36852048981864
1993-06-09,41.668211214642426
1993-06-10,42.36852884052693
1993-06-11,42.36852884052693
1993-06-14,43.068838253732
1993-06-15,42.71868859872915
1993-06-16,43.06885368917294
1993-06-17,44.46945281114485
1993-06-18,45.87006269688466
1993-06-21,46.57036094407799
1993-06-22,46.57036094407799
1993-06-23,45.51991988262337
1993-06-24,45.51991988262337
1993-06-25,45.51991988262337
1993-06-28,47.62084626488597
1993-06-29,46.570378017128846
1993-06-30,46.570378017128846
1993-07-01,46.570378017128846
1993-07-02,46.22021534481806
1993-07-06,46.5703796962704
1993-07-07,44.819612841968805
1993-07-08,42.71869349000152
1993-07-09,44.81959883583979
1993-07-12,46.220211299459784
1993-07-13,46.57037562026449
1993-07-14,46.57037562026449
1993-07-15,45.87005031168696
1993-07-16,45.51987834760754
1993-07-19,45.16973944335774
1993-07-20,46.220206903852464
1993-07-21,49.37159305097093
1993-07-22,49.37159305097093
1993-07-23,49.37159305097093
1993-07-26,49.721736388888424
1993-07-27,48.67126526420038
1993-07-28,48.67126526420038
1993-07-29,48.321124181889715
1993-07-30,48.67125904771169
1993-08-02,48.321118010122454
1993-08-03,48.671252831223796
1993-08-04,49.371534816959446
1993-08-05,50.071820666803205
1993-08-06,50.42197290872616
1993-08-09,51.12228369045546
1993-08-10,51.12228369045546
1993-08-11,51.12228369045546
1993-08-12,50.77214716945953
1993-08-13,50.77214716945953
1993-08-16,51.82262289439565
1993-08-17,51.47245743149821
1993-08-18,54.27369150983521
1993-08-19,54.623865367456666
1993-08-20,53.923532789580506
1993-08-23,53.923532789580506
1993-08-24,52.52292294890394
1993-08-25,53.573381407882025
1993-08-26,53.573381407882025
1993-08-27,53.22322578700011
1993-08-30,54.273692594358124
1993-08-31,54.62386645897691
1993-09-01,54.273727474974876
1993-09-02,54.623901564643404
1993-09-03,53.92356852268311
1993-09-07,53.92356852268311
1993-09-08,54.27374817666941
1993-09-09,53.92357395343354
1993-09-10,53.57339426417994
1993-09-13,54.2737056740013
1993-09-14,53.57341204968966
1993-09-15,51.47247712274903
1993-09-16,51.122309860882964
1993-09-17,51.47244656112015
1993-09-20,51.122279507164855
1993-09-21,50.77214301482029
1993-09-22,51.82261865379692
1993-09-23,51.82261865379692
1993-09-24,51.472453219553216
1993-09-27,52.17273594560524
1993-09-28,52.52286717653619
1993-09-29,52.87303713200216
1993-09-30,50.421948876636804
1993-10-01,50.421948876636804
1993-10-04,52.172699785531385
1993-10-05,51.1222546480495
1993-10-06,52.873038502981245
1993-10-07,51.122253579032034
1993-10-08,51.122253579032034
1993-10-11,51.122253579032034
1993-10-12,51.472389893794826
1993-10-13,53.57328695969996
1993-10-14,53.923441963268566
1993-10-15,55.3240494448225
1993-10-18,54.973903535886215
1993-10-19,54.623774744266164
1993-10-20,53.57330493215918
1993-10-21,53.22314981112259
1993-10-22,52.87299470851521
1993-10-25,53.57329752342949
1993-10-26,53.57329752342949
1993-10-27,53.22314245081636
1993-10-28,54.97391772173596
1993-10-29,54.273604983878755
1993-11-01,54.623778283234735
1993-11-02,56.374525000990694
1993-11-03,55.324042102122235
1993-11-04,53.57325746575848
1993-11-05,51.82248341177749
1993-11-08,53.57325419136098
1993-11-09,53.223099401966245
1993-11-10,52.872944631000706
1993-11-11,53.223122143291825
1993-11-12,53.223122143291825
1993-11-15,53.223122143291825
1993-11-16,52.87296722271111
1993-11-17,53.22314488462713
1993-11-18,53.22314488462713
1993-11-19,53.22314488462713
1993-11-22,51.82252460384329
1993-11-23,51.82252460384329
1993-11-24,52.17268940259145
1993-11-26,52.17268940259145
1993-11-29,50.772061382889476
1993-11-30,50.07176234023529
1993-12-01,48.32100317000896
1993-12-02,49.0213194689519
1993-12-03,49.72163803888535
1993-12-06,51.822576132580416
1993-12-07,53.223184897715655
1993-12-08,53.223184897715655
1993-12-09,52.52287423083152
1993-12-10,51.822586748711835
1993-12-13,51.47242153005079
1993-12-14,49.021356289211305
1993-12-15,49.721675385158974
1993-12-16,50.422005182958934
1993-12-17,50.422005182958934
1993-12-20,52.17275804692163
1993-12-21,52.522889426174515
1993-12-22,52.873059529978825
1993-12-23,53.57336320345339
1993-12-27,53.57336320345339
1993-12-28,54.6238297091467
1993-12-29,54.6238297091467
1993-12-30,55.674300578283294
1993-12-31,57.7752259849054
1994-01-03,56.724756826047845
1994-01-04,55.3241658552559
1994-01-05,53.923579272464245
1994-01-06,53.923579272464245
1994-01-07,53.923579272464245
1994-01-10,54.62388479647574
1994-01-11,55.67435672499677
1994-01-12,57.074956517127525
1994-01-13,56.37464680066237
1994-01-14,56.37464680066237
1994-01-17,56.72478973194128
1994-01-18,56.72478973194128
1994-01-19,55.324197948669905
1994-01-20,53.573408380386304
1994-01-21,52.52294098886369
1994-01-24,51.122311721513654
1994-01-25,50.421987173240645
1994-01-26,51.12229815308979
1994-01-27,51.82262251548896
1994-01-28,51.82262251548896
1994-01-31,51.4724570551518
1994-02-01,52.52290695873333
1994-02-02,51.472448819558664
1994-02-03,51.82261588887812
1994-02-04,49.37156162518185
1994-02-07,50.071847855273425
1994-02-08,50.77215271937728
1994-02-09,53.22322916405793
1994-02-10,54.623851662739284
1994-02-11,53.573380371413144
1994-02-14,54.623847213735814
1994-02-15,54.27370835309577
1994-02-16,55.32417597826994
1994-02-17,55.32417597826994
1994-02-18,53.923589139204054
1994-02-22,52.52297783490237
1994-02-23,52.52297783490237
1994-02-24,51.47251827820432
1994-02-25,52.87313697307255
1994-02-28,53.57344167228089
1994-03-01,53.57344167228089
1994-03-02,52.522973627970806
1994-03-03,52.522973627970806
1994-03-04,51.822684820589075
1994-03-07,50.42207311794301
1994-03-08,51.122385291478125
1994-03-09,51.472522508339466
1994-03-10,51.12235493771524
1994-03-11,50.77221792874683
1994-03-14,50.77221792874683
1994-03-15,50.77221792874683
1994-03-16,50.77221792874683
1994-03-17,51.822695117692604
1994-03-18,51.822695117692604
1994-03-21,51.1223632158721
1994-03-22,52.522962600897344
1994-03-23,53.2232512612551
1994-03-24,50.77216087092052
1994-03-25,50.42198527739378
1994-03-28,50.42198527739378
1994-03-29,48.321052416840615
1994-03-30,48.321052416840615
1994-03-31,46.570284045673645
1994-04-04,44.119196855781745
1994-04-05,44.119196855781745
1994-04-06,44.119196855781745
1994-04-07,44.81950086747357
1994-04-08,44.81950086747357
1994-04-11,43.769021406141725
1994-04-12,44.46932574863999
1994-04-13,43.76902280675041
1994-04-14,42.36841407693439
1994-04-15,42.71854665086618
1994-04-18,42.71854665086618
1994-04-19,40.26748459967943
1994-04-20,39.5671927750064
1994-04-21,40.96779226485608
1994-04-22,42.018247426319256
1994-04-25,42.71856555617372
1994-04-26,43.068729638037674
1994-04-28,43.068729638037674
1994-04-29,43.068729638037674
1994-05-02,43.068729638037674
1994-05-03,43.068729638037674
1994-05-04,43.068729638037674
1994-05-05,43.068729638037674
1994-05-06,42.71858086608043
1994-05-09,39.21706694823041
1994-05-10,36.76600026396601
1994-05-11,33.614639317340426
1994-05-12,34.31493309823858
1994-05-13,33.964783520904156
1994-05-16,33.264463649486636
1994-05-17,33.264463649486636
1994-05-18,33.61460539386113
1994-05-19,32.91431231969082
1994-05-20,33.264454774147694
1994-05-23,33.264454774147694
1994-05-24,30.813396688569394
1994-05-25,33.26444832816165
1994-05-26,35.36536435567169
1994-05-27,36.4158217731282
1994-05-31,35.01519643609014
1994-06-01,35.715500364811945
1994-06-02,36.065655130388556
1994-06-03,35.71549368472762
1994-06-06,36.41580308489776
1994-06-07,36.41580308489776
1994-06-08,37.46625334068472
1994-06-09,38.866854289319534
1994-06-10,39.5671572699045
1994-06-13,38.866858153384456
1994-06-14,38.866858153384456
1994-06-15,36.76594900276141
1994-06-16,36.41579010445911
1994-06-17,35.71547804496026
1994-06-20,35.365323498207474
1994-06-21,35.365323498207474
1994-06-22,35.71547556616322
1994-06-23,35.36532104371255
1994-06-24,36.41577717467394
1994-06-27,36.41577717467394
1994-06-28,36.065639477139456
1994-06-29,35.71547818345591
1994-06-30,35.365323635345305
1994-07-01,36.065627773972416
1994-07-05,36.065627773972416
1994-07-06,35.89056521675755
1994-07-07,35.36534268537552
1994-07-08,35.01519042744762
1994-07-11,35.190266379584855
1994-07-12,35.36533795482328
1994-07-13,35.36533795482328
1994-07-14,35.715490165913984
1994-07-15,35.01518083474075
1994-07-18,35.01518083474075
1994-07-19,34.66502902639334
1994-07-20,34.31487756819774
1994-07-21,35.01517558960951
1994-07-22,34.66502383371342
1994-07-25,34.31487242796908
1994-07-26,34.665021386224076
1994-07-27,33.964718624179575
1994-07-28,34.84009131728056
1994-07-29,35.36530569388856
1994-08-01,35.36530569388856
1994-08-02,35.71545758556375
1994-08-03,35.71545758556375
1994-08-04,35.36530323939488
1994-08-05,36.415758841514624
1994-08-08,36.415758841514624
1994-08-09,35.36530986197229
1994-08-10,35.36530986197229
1994-08-11,35.71546179491568
1994-08-12,35.71546179491568
1994-08-15,35.365307407478326
1994-08-16,35.71545931611977
1994-08-17,35.01515058984929
1994-08-18,35.71545360164628
1994-08-19,35.36529929453574
1994-08-22,35.01514746622054
1994-08-23,35.71545041554495
1994-08-24,35.01514186379695
1994-08-25,35.71544470107289
1994-08-26,35.01513626137425
1994-08-29,35.365287623987996
1994-08-30,35.7154393367531
1994-08-31,36.06559350401062
1994-09-01,35.715432656680186
1994-09-02,35.36527855491409
1994-09-06,35.015126931941886
1994-09-07,35.365278201261305
1994-09-08,35.01512658179062
1994-09-09,34.314824050154805
1994-09-12,34.66497251476259
1994-09-13,35.0151234021342
1994-09-14,35.89050148718755
1994-09-15,35.71542762093304
1994-09-16,34.840042489943976
1994-09-19,35.015113703455945
1994-09-20,35.015113703455945
1994-09-21,35.015113703455945
1994-09-22,35.015113703455945
1994-09-23,36.06556711455963
1994-09-26,35.715406523444365
1994-09-27,35.01509883233267
1994-09-28,35.19017432649433
1994-09-29,35.36524544376863
1994-09-30,35.71539673890738
1994-10-03,35.36524298927913
1994-10-04,35.01509171844227
1994-10-05,35.3652426356267
1994-10-06,35.01509136829136
1994-10-07,35.01509136829136
1994-10-10,36.065544109340095
1994-10-11,36.065544109340095
1994-10-12,35.715383741582514
1994-10-13,35.715383741582514
1994-10-14,35.36523011938004
1994-10-17,35.36523011938004
1994-10-18,35.54028800847097
1994-10-19,35.71535946720069
1994-10-20,35.19012939087604
1994-10-21,35.365200284595645
1994-10-24,33.61444604450674
1994-10-25,33.26428436006111
1994-10-26,32.21383152425474
1994-10-27,31.86366717558609
1994-10-28,32.21381701417861
1994-10-31,32.56398120512272
1994-11-01,32.914141695021414
1994-11-02,33.26428233437304
1994-11-03,32.21382956253588
1994-11-04,32.21382956253588
1994-11-07,33.26429033074061
1994-11-08,33.26429033074061
1994-11-09,33.26429033074061
1994-11-10,33.26429033074061
1994-11-11,33.26429033074061
1994-11-14,33.26429033074061
1994-11-15,33.96460343507369
1994-11-16,33.78951590436588
1994-11-17,34.31474013958334
1994-11-18,33.264297314430415
1994-11-21,33.264297314430415
1994-11-22,33.264297314430415
1994-11-23,33.96461056579112
1994-11-25,33.264294260535074
1994-11-28,33.264294260535074
1994-11-29,32.914154299148684
1994-11-30,34.314750307040356
1994-12-01,33.614454882774275
1994-12-02,33.96461665928813
1994-12-05,33.61447542614753
1994-12-06,33.264313435633355
1994-12-07,33.264313435633355
1994-12-08,32.56399984487297
1994-12-09,32.21383915454104
1994-12-12,31.51354250516048
1994-12-13,32.563983417485
1994-12-14,31.863694954091983
1994-12-15,32.563995241793016
1994-12-16,33.614444600302775
1994-12-19,33.264282930901416
1994-12-20,32.91414308877074
1994-12-21,33.26428374294909
1994-12-22,33.9645967085894
1994-12-23,32.91413966158615
1994-12-27,32.91413966158615
1994-12-28,33.26428027930609
1994-12-29,32.563967386585865
1994-12-30,32.563967386585865
1995-01-03,32.2138070452779
1995-01-04,32.2138070452779
1995-01-05,31.863642962695735
1995-01-06,32.2137925352128
1995-01-09,31.86362861035503
1995-01-10,32.91407685475261
1995-01-11,32.21376404151403
1995-01-12,32.21376404151403
1995-01-13,32.91405905801251
1995-01-16,32.21374662343518
1995-01-17,31.863583197638434
1995-01-18,29.762689703085343
1995-01-19,30.81313407346603
1995-01-20,28.362103323592176
1995-01-23,30.11283923755088
1995-01-24,30.813143426859362
1995-01-25,30.287933397148542
1995-01-26,30.813156450188494
1995-01-27,30.11286584354506
1995-01-30,30.813170651602544
1995-01-31,30.112879722203573
1995-02-01,31.86364254925249
1995-02-02,32.21379211722622
1995-02-03,32.21379211722622
1995-02-06,32.21379211722622
1995-02-07,31.688578450546967
1995-02-08,32.21381663836478
1995-02-09,32.5639808252238
1995-02-10,32.5639808252238
1995-02-13,31.863692417577365
1995-02-14,32.56399264953088
1995-02-15,32.56399264953088
1995-02-16,32.21383203657047
1995-02-17,32.21383203657047
1995-02-21,32.91412853121348
1995-02-22,32.91412853121348
1995-02-23,32.21381461845485
1995-02-24,32.91411073444544
1995-02-27,31.863656890355614
1995-02-28,32.38889741053623
1995-03-01,31.863679050126976
1995-03-02,31.863679050126976
1995-03-03,31.863679050126976
1995-03-06,31.863679050126976
1995-03-07,31.863679050126976
1995-03-08,31.863679050126976
1995-03-09,32.563978988290664
1995-03-10,31.513530154086386
1995-03-13,31.513530154086386
1995-03-14,31.163383320544334
1995-03-15,29.76277622058579
1995-03-16,29.76277622058579
1995-03-17,29.4126171583506
1995-03-20,29.76277436562076
1995-03-21,29.76277436562076
1995-03-22,29.062486047572072
1995-03-23,29.762775711374367
1995-03-24,28.362169249172798
1995-03-27,28.362169249172798
1995-03-28,28.712328590723082
1995-03-29,28.712328590723082
1995-03-30,28.712328590723082
1995-03-31,29.062475437886953
1995-04-03,28.88740308584912
1995-04-04,29.062489635952453
1995-04-05,29.062489635952453
1995-04-06,28.7123447608185
1995-04-07,29.41263884953486
1995-04-10,29.06248138403115
1995-04-11,31.163379100801375
1995-04-12,30.112923918071566
1995-04-13,31.86368931466825
1995-04-17,32.21383939654714
1995-04-18,31.513542741905596
1995-04-19,30.813248795094974
1995-04-20,31.86370325976856
1995-04-21,31.86370325976856
1995-04-24,31.86370325976856
1995-04-25,32.564003730011756
1995-04-26,33.26429263022566
1995-04-27,33.26429263022566
1995-04-28,33.26429263022566
1995-05-01,33.61443257445141
1995-05-02,33.26427103032336
1995-05-03,33.964583728324754
1995-05-04,33.964583728324754
1995-05-05,33.614442834669454
1995-05-08,33.439378816386494
1995-05-09,33.96461113945548
1995-05-10,33.96461113945548
1995-05-11,33.96461113945548
1995-05-12,33.26429482237105
1995-05-15,32.91415485507076
1995-05-16,33.6144693279221
1995-05-17,33.26430740093314
1995-05-18,33.26430740093314
1995-05-19,33.614447500635364
1995-05-22,32.91415771585463
1995-05-23,33.61447224957487
1995-05-24,34.31476254995026
1995-05-25,33.264319038771184
1995-05-26,33.964632747494434
1995-05-30,33.264315984873846
1995-05-31,33.964629629303396
1995-06-01,33.964629629303396
1995-06-02,34.314770996151886
1995-06-05,34.66491891939662
1995-06-06,35.01506926540144
1995-06-07,33.9646171874394
1995-06-08,35.01507486781253
1995-06-09,33.96462262177815
1995-06-12,34.314763916386056
1995-06-13,34.314763916386056
1995-06-14,34.314763916386056
1995-06-15,34.314763916386056
1995-06-16,35.19013354389306
1995-06-19,34.66492080075046
1995-06-20,34.314770435742076
1995-06-21,34.66491835326839
1995-06-22,35.715369374127484
1995-06-23,35.715369374127484
1995-06-26,35.36521589278354
1995-06-27,35.36521589278354
1995-06-28,35.36521589278354
1995-06-29,35.71536689533798
1995-06-30,35.36521343829609
1995-07-03,35.71536441654865
1995-07-05,36.67828635658322
1995-07-06,37.11596834767632
1995-07-07,35.71536016610841
1995-07-10,36.415666948245466
1995-07-11,35.36522061945637
1995-07-12,35.36522061945637
1995-07-13,35.36522061945637
1995-07-14,35.71537166880961
1995-07-17,35.365218164968596
1995-07-18,35.365218164968596
1995-07-19,33.61446303971183
1995-07-20,33.26430117822715
1995-07-21,33.61444121242917
1995-07-24,32.91415155865063
1995-07-25,32.91415155865063
1995-07-26,33.61446596136404
1995-07-27,33.61446596136404
1995-07-28,32.91417579199094
1995-07-31,32.91417579199094
1995-08-01,33.61449071031713
1995-08-02,33.26432856058776
1995-08-03,32.91418823815901
1995-08-04,34.31478569025739
1995-08-07,33.964637617074004
1995-08-08,35.01509592929487
1995-08-09,34.664944970001926
1995-08-10,35.190188216187394
1995-08-11,35.36525940256293
1995-08-14,36.06556226925248
1995-08-15,35.36527724667041
1995-08-16,35.71542885668969
1995-08-17,35.5403518244342
1995-08-18,35.365280051347035
1995-08-21,36.065583326923814
1995-08-22,35.365297895464934
1995-08-23,35.365297895464934
1995-08-24,35.365297895464934
1995-08-25,35.365297895464934
1995-08-28,34.314842452075936
1995-08-29,33.614545147313976
1995-08-30,33.614545147313976
1995-08-31,34.31483696636797
1995-09-01,33.614539773558334
1995-09-05,33.614539773558334
1995-09-06,33.614539773558334
1995-09-07,33.96470243437949
1995-09-08,34.31484455177551
1995-09-11,33.614547204162875
1995-09-12,34.3148390660672
1995-09-13,33.96469044823705
1995-09-14,34.314832442067924
1995-09-15,33.96468389182906
1995-09-18,33.614541965588195
1995-09-19,33.614541965588195
1995-09-20,33.614541965588195
1995-09-21,33.614541965588195
1995-09-22,33.614541965588195
1995-09-25,33.614541965588195
1995-09-26,33.26437928193266
1995-09-27,33.26437928193266
1995-09-28,32.91423842561104
1995-09-29,32.91423842561104
1995-10-02,31.688709672071834
1995-10-03,31.513629551133636
1995-10-04,32.21392542701893
1995-10-05,31.86376005762723
1995-10-06,31.688668696110568
1995-10-09,32.2139083797486
1995-10-10,31.513610225481248
1995-10-11,31.163462502265926
1995-10-12,31.51361516694139
1995-10-13,32.21391072318116
1995-10-16,31.513612517969925
1995-10-17,30.813317020595598
1995-10-18,30.813317020595598
1995-10-19,31.863773811144725
1995-10-20,30.813320779912715
1995-10-23,30.813320779912715
1995-10-24,31.513615121277788
1995-10-25,31.163467343665275
1995-10-26,31.163467343665275
1995-10-27,31.163467343665275
1995-10-30,31.163467343665275
1995-10-31,31.163467343665275
1995-11-01,32.213925500885544
1995-11-02,32.38900818598286
1995-11-03,33.264385910225414
1995-11-06,33.96470102679339
1995-11-07,36.065621573506725
1995-11-08,35.71546045364955
1995-11-09,33.614534207924066
1995-11-10,33.614534207924066
1995-11-13,33.26437160508012
1995-11-14,33.26437160508012
1995-11-15,33.26437160508012
1995-11-16,33.78958276835274
1995-11-17,33.78958276835274
1995-11-20,33.264357493801455
1995-11-21,33.264357493801455
1995-11-22,33.614498120781214
1995-11-24,33.614498120781214
1995-11-27,33.614498120781214
1995-11-28,33.96466034770538
1995-11-29,33.61451866418089
1995-11-30,34.314809931511775
1995-12-01,33.614513290429485
1995-12-04,33.614513290429485
1995-12-05,33.614513290429485
1995-12-06,33.614513290429485
1995-12-07,32.91422213504997
1995-12-08,32.91422213504997
1995-12-11,33.0892928825863
1995-12-12,32.91421743394453
1995-12-13,32.56407598888223
1995-12-14,32.56407598888223
1995-12-15,32.91423749799068
1995-12-18,32.56409583948705
1995-12-19,33.264386720515226
1995-12-20,32.56407158688822
1995-12-21,32.91423304866203
1995-12-22,32.564091437490355
1995-12-26,32.21392976226302
1995-12-27,31.863764345747224
1995-12-28,31.863764345747224
1995-12-29,30.813311626560978
1996-01-02,32.91422483988316
1996-01-03,32.91422483988316
1996-01-04,32.21390887796497
1996-01-05,32.914207043063044
1996-01-08,31.513608790759587
1996-01-09,31.513608790759587
1996-01-10,32.914199619856106
1996-01-11,32.914199619856106
1996-01-12,33.26434087541213
1996-01-15,33.26434087541213
1996-01-16,32.91420042335754
1996-01-17,32.91420042335754
1996-01-18,33.61451586576532
1996-01-19,32.91422465673383
1996-01-22,32.5640831348355
1996-01-23,33.43947081766615
1996-01-24,34.66499398366279
1996-01-25,34.31484287943381
1996-01-26,34.664991536175556
1996-01-29,35.71544477469629
1996-01-30,34.3148278924118
1996-01-31,33.614530884783456
1996-02-01,33.96469345301024
1996-02-02,33.96469345301024
1996-02-05,33.96469345301024
1996-02-06,35.36529551693202
1996-02-07,35.015143726018884
1996-02-08,35.36529516327907
1996-02-09,35.01514337586744
1996-02-12,34.48991622522943
1996-02-13,34.6649870399887
1996-02-14,34.84007988952768
1996-02-15,35.01515129097256
1996-02-16,34.3148482651531
1996-02-20,33.61455084175786
1996-02-21,34.66500555556279
1996-02-22,33.614551892212575
1996-02-23,35.0151694259054
1996-02-26,34.665017731646344
1996-02-27,33.964715043431625
1996-02-28,33.264396583951104
1996-02-29,33.264396583951104
1996-03-01,33.96471192523303
1996-03-04,34.31485414047025
1996-03-05,34.66500291211962
1996-03-06,35.01515410653493
1996-03-07,35.01515410653493
1996-03-08,34.66500256546958
1996-03-11,34.31485137455577
1996-03-12,34.139777002842784
1996-03-14,34.139777002842784
1996-03-15,33.79141471830578
1996-03-18,33.79141471830578
1996-03-19,33.79141471830578
1996-03-20,33.79141471830578
1996-03-21,33.44305902397477
1996-03-22,33.79143536982751
1996-03-25,33.79143536982751
1996-03-26,34.13979127705506
1996-03-27,34.8365161374372
1996-03-28,34.488150976062826
1996-03-29,33.094691724025985
1996-04-01,33.094691724025985
1996-04-02,33.791434268891905
1996-04-03,34.13979016476991
1996-04-04,33.44306532708729
1996-04-08,33.79144173859955
1996-04-09,33.443085765716326
1996-04-10,34.1398055714735
1996-04-11,34.48816814752482
1996-04-12,34.66236788483796
1996-04-15,33.79144122936353
1996-04-16,34.13979719699703
1996-04-17,34.48815968759519
1996-04-18,33.79142988558639
1996-04-19,33.79142988558639
1996-04-22,33.965624706646594
1996-04-23,33.79144898315091
1996-04-24,33.965643902659046
1996-04-25,34.13981972459188
1996-04-26,34.13981972459188
1996-04-29,34.488182445061625
1996-04-30,34.13981731418405
1996-05-01,34.48818001005799
1996-05-02,34.13981490377639
1996-05-03,34.13981490377639
1996-05-06,34.83654024633266
1996-05-07,34.48817484386933
1996-05-08,35.18490495206518
1996-05-09,34.83653920813478
1996-05-10,34.48817381605343
1996-05-13,34.48817381605343
1996-05-14,34.139808772337474
1996-05-15,34.83653398976334
1996-05-16,34.139803309968066
1996-05-17,34.139803309968066
1996-05-20,34.139803309968066
1996-05-21,34.139803309968066
1996-05-22,34.139803309968066
1996-05-23,34.488165862942985
1996-05-24,34.488165862942985
1996-05-28,34.83653082632457
1996-05-29,35.88162675111431
1996-05-30,36.92671501186726
1996-05-31,36.578348382445306
1996-06-03,37.971800564074556
1996-06-04,37.62344726569973
1996-06-05,37.62344726569973
1996-06-06,37.62344726569973
1996-06-07,36.57834314755313
1996-06-10,37.275087427827714
1996-06-11,37.275087427827714
1996-06-12,37.275087427827714
1996-06-13,35.88163283451323
1996-06-14,34.48816962338491
1996-06-17,34.48816962338491
1996-06-18,34.83653462475072
1996-06-19,34.48816927850321
1996-06-20,32.746344289092406
1996-06-21,32.746344289092406
1996-06-24,32.39798867854503
1996-06-25,32.39798867854503
1996-06-26,32.74636425080543
1996-06-27,32.049619858641044
1996-06-28,32.049619858641044
1996-07-01,32.22380954257276
1996-07-02,32.04963985199516
1996-07-03,33.4430940934802
1996-07-05,32.746374114230726
1996-07-08,32.39801818640353
1996-07-09,32.39801818640353
1996-07-10,33.09473756750214
1996-07-11,32.39799405749353
1996-07-12,32.572165673546614
1996-07-15,33.4430802393259
1996-07-16,33.4430802393259
1996-07-17,33.09470367247284
1996-07-18,33.09470367247284
1996-07-19,33.79144646888941
1996-07-22,33.79144646888941
1996-07-23,33.79144646888941
1996-07-24,32.572183497398946
1996-07-25,32.39798746005486
1996-07-26,32.049611900896885
1996-07-29,29.26267379883059
1996-07-30,28.914301667255515
1996-07-31,28.391762407524876
1996-08-01,28.56594586989504
1996-08-02,28.56594586989504
1996-08-05,28.56594586989504
1996-08-06,28.391750731980416
1996-08-07,28.217567341239715
1996-08-08,28.217567341239715
1996-08-09,28.565941427634662
1996-08-12,28.914303083344667
1996-08-13,28.565943559796533
1996-08-14,28.74013868362417
1996-08-15,28.565944703062726
1996-08-16,28.914306398716576
1996-08-19,28.217587271733098
1996-08-20,27.86921293927628
1996-08-21,28.565943262758186
1996-08-22,28.21758158466885
1996-08-23,28.39176871579101
1996-08-27,27.86921821257688
1996-08-28,27.86921821257688
1996-08-29,28.21758344023409
1996-08-30,28.56595772538722
1996-09-03,29.611043288770517
1996-09-04,29.262669364478132
1996-09-05,29.262669364478132
1996-09-06,29.959413522046358
1996-09-09,31.00451770334942
1996-09-10,31.352884464264257
1996-09-11,31.004522564981812
1996-09-12,31.701256196062086
1996-09-13,31.701256196062086
1996-09-16,31.004525987385033
1996-09-17,31.004525987385033
1996-09-18,28.914324863419484
1996-09-19,27.869216591231186
1996-09-20,27.869216591231186
1996-09-23,28.565947006011964
1996-09-24,29.262670453488596
1996-09-25,29.262670453488596
1996-09-26,29.95941463698616
1996-09-27,29.61104656358729
1996-09-30,29.959420526407893
1996-10-01,30.30778866828896
1996-10-02,30.30778866828896
1996-10-03,31.35289214493757
1996-10-04,31.701254129559977
1996-10-07,30.656158884670774
1996-10-08,31.00453547423617
1996-10-09,30.307801553059132
1996-10-10,31.004547602962404
1996-10-11,30.65618050609552
1996-10-14,30.65618050609552
1996-10-15,30.65618050609552
1996-10-16,29.959457491733485
1996-10-17,30.65619463516124
1996-10-18,30.307817639327265
1996-10-21,30.65617569527369
1996-10-22,30.481987304973146
1996-10-23,30.656161380433762
1996-10-24,31.004537998361005
1996-10-25,31.004537998361005
1996-10-28,31.701271976260173
1996-10-29,31.00454142076593
1996-10-30,31.00454142076593
1996-10-31,30.656174393362203
1996-11-01,31.701274034606314
1996-11-04,31.352908734240025
1996-11-05,31.70127090318617
1996-11-06,32.04963616914128
1996-11-07,30.307802542620788
1996-11-08,30.656160425045666
1996-11-11,31.004537032115884
1996-11-12,30.307803075930174
1996-11-13,31.352907049397476
1996-11-14,30.656182748945767
1996-11-15,32.049659535799094
1996-11-18,31.70127973664496
1996-11-19,31.70127973664496
1996-11-20,30.307818284540993
1996-11-21,30.307818284540993
1996-11-22,31.004564719084303
1996-11-25,30.656197429900672
1996-11-26,30.307820402307282
1996-11-27,31.352924973240047
1996-11-29,30.65620027448471
1996-12-02,30.307823214565463
1996-12-03,31.004569762445108
1996-12-04,31.87548812707219
1996-12-05,31.70132045994587
1996-12-06,34.314079889613694
1996-12-09,36.23010948248994
1996-12-10,34.48827450890027
1996-12-11,35.88173875215788
1996-12-12,35.88173875215788
1996-12-13,35.18502303080723
1996-12-16,35.18502303080723
1996-12-17,35.533389943835246
1996-12-18,35.533389943835246
1996-12-19,37.44942139638674
1996-12-20,37.97195317313052
1996-12-23,39.01705524031459
1996-12-24,39.36543852655536
1996-12-26,39.017054395595345
1996-12-27,38.66867111689707
1996-12-30,39.017037174989206
1996-12-31,37.62358270932164
1997-01-02,36.57847482882211
1997-01-03,36.75266152595695
1997-01-06,36.2301121843809
1997-01-07,35.881759655728075
1997-01-08,35.881759655728075
1997-01-09,35.881759655728075
1997-01-10,35.533383651230615
1997-01-13,31.70135695813095
1997-01-14,30.307892111679347
1997-01-15,30.656251023610988
1997-01-16,31.004628660243302
1997-01-17,31.70136467549629
1997-01-20,33.09482986117241
1997-01-21,33.79157531423967
1997-01-22,34.48832380564398
1997-01-23,34.66252432918628
1997-01-24,35.533454915481414
1997-01-27,33.79160495552452
1997-01-28,34.139962611011015
1997-01-29,35.35923723570066
1997-01-30,35.533416838323724
1997-01-31,36.23015607568958
1997-02-03,36.23015607568958
1997-02-04,36.92689820718116
1997-02-05,35.88179313412152
1997-02-06,35.88179313412152
1997-02-07,35.88179313412152
1997-02-10,36.57850991140676
1997-02-11,36.23013618301052
1997-02-12,36.23013618301052
1997-02-13,35.53339443407505
1997-02-14,35.01084033552754
1997-02-18,34.48830354351979
1997-02-19,35.53340260579907
1997-02-20,36.57851104324083
1997-02-21,35.53342640422439
1997-02-24,36.23016582915842
1997-02-25,36.23016582915842
1997-02-26,36.23016582915842
1997-02-27,36.23016582915842
1997-02-28,36.055971191851825
1997-03-03,36.23015758867967
1997-03-04,36.23015758867967
1997-03-05,36.578510553894816
1997-03-06,36.230136819379524
1997-03-07,35.88178405386119
1997-03-10,36.57850065483501
1997-03-11,36.57850065483501
1997-03-12,36.92687429507166
1997-03-13,36.23013803087225
1997-03-14,35.88178525370541
1997-03-17,36.926878131004834
1997-03-18,36.23014179442903
1997-03-19,35.185047124226934
1997-03-20,35.185047124226934
1997-03-21,35.88178142738088
1997-03-24,35.18506487740542
1997-03-25,35.533432204756615
1997-03-26,35.18506243542118
1997-03-27,35.18506243542118
1997-03-31,35.533429738594286
1997-04-01,34.83669024827993
1997-04-02,35.88179095572833
1997-04-03,36.23016726411749
1997-04-04,35.881814205873
1997-04-07,39.017131249367985
1997-04-08,38.668747284442375
1997-04-09,38.32038054015683
1997-04-10,38.6687511196474
1997-04-11,37.27528400429979
1997-04-14,37.27528400429979
1997-04-15,36.57853439569142
1997-04-16,35.010888147095265
1997-04-17,34.83670897856347
1997-04-18,34.139974798992206
1997-04-21,32.746517587596536
1997-04-22,32.746517587596536
1997-04-23,32.39816013349969
1997-04-24,32.049782717584165
1997-04-25,31.875592148514095
1997-04-28,34.13997046356023
1997-04-29,35.533427498000904
1997-04-30,35.533427498000904
1997-05-01,36.926906390762504
1997-05-02,39.19130121755045
1997-05-05,39.36546736016124
1997-05-06,40.58473398070751
1997-05-07,39.01706746123473
1997-05-08,37.623611913924194
1997-05-09,37.623611913924194
1997-05-12,36.92686024489023
1997-05-13,37.623596243990825
1997-05-14,36.57848798752525
1997-05-16,36.406751986423814
1997-05-19,36.75021328466374
1997-05-20,37.780579014525856
1997-05-21,39.497895233631134
1997-05-22,38.810987337623054
1997-05-23,40.184818667400236
1997-05-27,39.154439731949424
1997-05-28,39.154439731949424
1997-05-29,39.154439731949424
1997-05-30,39.154439731949424
1997-06-02,39.154439731949424
1997-06-03,41.215216203921386
1997-06-04,40.87176980729411
1997-06-05,41.5587016424453
1997-06-06,42.93254920134126
1997-06-09,42.93254920134126
1997-06-10,42.2456284141198
1997-06-11,40.871800578092625
1997-06-12,39.84142248551891
1997-06-13,40.18489538876658
1997-06-16,42.245657194093305
1997-06-17,43.619485966045225
1997-06-18,43.619485966045225
1997-06-19,43.79121588229355
1997-06-20,42.93255772127353
1997-06-23,42.93255772127353
1997-06-24,41.55871587419278
1997-06-25,41.902157102177114
1997-06-26,42.24562908394366
1997-06-27,41.55871515503873
1997-06-30,42.24563915783637
1997-07-01,41.55872506512995
1997-07-02,42.245649231731484
1997-07-03,42.245649231731484
1997-07-07,41.55873497522353
1997-07-08,41.55873497522353
1997-07-09,40.871810644818055
1997-07-10,39.841432298462195
1997-07-11,41.21528440841007
1997-07-14,44.649877704016106
1997-07-15,43.619492476240524
1997-07-16,41.90219305745094
1997-07-17,42.589095708241736
1997-07-18,42.24561465135477
1997-07-21,44.64985482677802
1997-07-22,44.993301510105596
1997-07-23,42.5890844439131
1997-07-24,41.21524575792135
1997-07-25,42.245626901869386
1997-07-28,42.58908384858158
1997-07-29,40.87176422055523
1997-07-30,42.24558683130074
1997-07-31,43.27595669411617
1997-08-01,43.27595669411617
1997-08-04,44.64979521532758
1997-08-05,43.96285811593977
1997-08-06,43.96285811593977
1997-08-07,44.64977777400132
1997-08-08,43.447671806991885
1997-08-11,43.96287429927919
1997-08-12,43.8770148057727
1997-08-13,42.93251818506364
1997-08-14,42.58905803958313
1997-08-15,43.619457709792805
1997-08-18,42.58907887977208
1997-08-19,42.24559795860672
1997-08-20,41.2152278243963
1997-08-21,41.2152278243963
1997-08-22,40.52829362224709
1997-08-25,41.55868495929909
1997-08-26,40.87176145560684
1997-08-27,41.2152068671183
1997-08-28,41.73039695295728
1997-08-29,42.589041600661325
1997-09-02,42.245560980151986
1997-09-03,44.3062994447638
1997-09-04,45.33668674465123
1997-09-05,46.36705362429692
1997-09-08,46.71049439049209
1997-09-09,45.33664532947894
1997-09-10,45.33664532947894
1997-09-11,44.306279391075876
1997-09-12,45.68012850243435
1997-09-15,45.33665961622455
1997-09-16,44.99318908297203
1997-09-17,44.306278065242296
1997-09-18,44.64974033280405
1997-09-19,46.023568193104104
1997-09-22,44.99319254839689
1997-09-23,44.13454246180328
1997-09-24,44.13454246180328
1997-09-25,44.99317998539766
1997-09-26,44.99317998539766
1997-09-29,44.649702049389134
1997-09-30,44.649702049389134
1997-10-01,44.649702049389134
1997-10-02,44.99314755755304
1997-10-03,45.164886401780215
1997-10-06,44.64969054259511
1997-10-07,44.64969054259511
1997-10-08,44.99313596224876
1997-10-09,44.64965836231294
1997-10-10,44.64965836231294
1997-10-13,45.16482612049732
1997-10-14,46.71041163516686
1997-10-15,47.05387329192023
1997-10-16,45.33659513225832
1997-10-17,44.64965504281434
1997-10-20,45.680035132237364
1997-10-21,44.64967625979462
1997-10-23,43.95742767906277
1997-10-24,44.99579003569758
1997-10-27,43.611314572089206
1997-10-28,42.919072175886434
1997-10-29,43.61131389101131
1997-10-30,44.476605969922865
1997-10-31,47.07252755396338
1997-11-03,47.07252755396338
1997-11-04,46.38027896375479
1997-11-05,46.72641498566129
1997-11-06,47.07251754146009
1997-11-07,45.34189643404831
1997-11-10,46.38027120428445
1997-11-11,44.649684144838986
1997-11-12,46.726430253783725
1997-11-13,46.726430253783725
1997-11-14,46.726430253783725
1997-11-17,46.726430253783725
1997-11-18,45.68807552068415
1997-11-19,45.68807552068415
1997-11-20,43.95745690803616
1997-11-21,45.34194097081166
1997-11-24,44.995800593440485
1997-11-25,44.3035402013104
1997-11-26,44.3035402013104
1997-11-28,46.03416939219419
1997-12-01,45.68803847253428
1997-12-02,45.68803847253428
1997-12-03,44.99577331359844
1997-12-04,44.99577331359844
1997-12-05,44.30351334116873
1997-12-08,40.84230136138992
1997-12-09,40.49616285735214
1997-12-10,39.80392144946856
1997-12-11,40.496151447396265
1997-12-12,40.84227205381717
1997-12-15,41.53450772285731
1997-12-16,42.918977468783325
1997-12-17,43.26511902206906
1997-12-18,41.534514261186295
1997-12-19,45.687965687304924
1997-12-22,45.687965687304924
1997-12-23,44.99570163121088
1997-12-24,44.303442761614704
1997-12-29,44.64165524365687
1997-12-30,43.96524488340498
1997-12-31,44.30342554704813
1998-01-02,44.30342554704813
1998-01-05,42.6124524007684
1998-01-06,41.5978499091061
1998-01-07,41.5978499091061
1998-01-08,41.93604042886714
1998-01-09,43.62702738708034
1998-01-12,41.936043805557105
1998-01-13,41.936043805557105
1998-01-14,41.59782961226529
1998-01-15,34.49574896690401
1998-01-16,39.23046299135642
1998-01-20,38.892257169907936
1998-01-21,37.877674857116546
1998-01-22,37.70858891655438
1998-01-23,37.53950360385255
1998-01-26,39.906857319622304
1998-01-27,39.56864670383851
1998-01-28,38.55406703370539
1998-01-29,39.06136144773488
1998-01-30,38.554071546613145
1998-02-02,39.56866049343382
1998-02-03,39.9068538346712
1998-02-04,40.921445686563885
1998-02-05,41.25962051371765
1998-02-06,40.921415404366705
1998-02-09,41.59780547958548
1998-02-10,41.259615321036456
1998-02-11,41.17507436924365
1998-02-12,41.0905419415636
1998-02-13,41.936020932553205
1998-02-17,41.597806923732165
1998-02-18,42.61237743460199
1998-02-19,42.95059187430043
1998-02-20,42.95059187430043
1998-02-23,43.626977795136916
1998-02-24,43.626977795136916
1998-02-25,43.626977795136916
1998-02-26,41.59779980392951
1998-02-27,42.2741800287414
1998-03-02,43.45785706954616
1998-03-03,44.30332967883419
1998-03-04,44.218798925806965
1998-03-05,43.96515989516854
1998-03-06,44.64156388015571
1998-03-09,44.21880827021064
1998-03-10,44.51472053515488
1998-03-11,45.825233907709844
1998-03-12,44.64156811587369
1998-03-13,45.65613703444315
1998-03-16,47.34710338178781
1998-03-17,48.02350410070003
1998-03-18,49.37627818771266
1998-03-19,49.03810005840501
1998-03-20,49.207183427406385
1998-03-23,49.376259309662956
1998-03-24,50.05266468594603
1998-03-25,50.7290763965119
1998-03-26,52.75823945237238
1998-03-27,51.91273590690866
1998-03-30,52.08181568775746
1998-03-31,52.92731188363253
1998-04-01,53.43462016803714
1998-04-02,54.11099559012416
1998-04-03,52.42002697793278
1998-04-06,53.43461660009066
1998-04-07,51.405437034702224
1998-04-08,49.71445518344569
1998-04-09,49.038090020674915
1998-04-13,49.038090020674915
1998-04-14,54.11098235713369
1998-04-15,52.75820779820535
1998-04-16,52.42002768621885
1998-04-17,52.758241704850334
1998-04-20,51.40546762929626
1998-04-21,53.434647058495095
1998-04-22,52.758271296028674
1998-04-23,52.081857499742284
1998-04-24,52.75824458309144
1998-04-27,51.40547043373639
1998-04-28,50.72907725376929
1998-04-29,51.06728801182017
1998-04-30,52.75827911975557
1998-05-01,53.434693016349954
1998-05-04,53.434693016349954
1998-05-05,52.758316672149
1998-05-06,53.43473105020262
1998-05-07,54.787484701469545
1998-05-08,54.787484701469545
1998-05-11,54.787484701469545
1998-05-12,54.787484701469545
1998-05-13,54.787484701469545
1998-05-14,54.111078415345204
1998-05-15,54.111078415345204
1998-05-18,52.420107214865666
1998-05-19,50.05276275293512
1998-05-20,51.405538771858694
1998-05-21,51.74373581143875
1998-05-22,52.75832698322944
1998-05-26,52.589236545248184
1998-05-27,50.052752488197775
1998-05-28,54.4492861612561
1998-05-29,52.25100513106771
1998-06-01,52.08192087846357
1998-06-02,53.43469669136078
1998-06-03,53.43469669136078
1998-06-04,54.111073082080026
1998-06-05,54.111073082080026
1998-06-08,55.12565570236903
1998-06-09,53.26560582765969
1998-06-10,53.6037891590595
1998-06-11,54.111095419660835
1998-06-12,52.08192934142356
1998-06-15,52.08192934142356
1998-06-16,53.772925423280896
1998-06-17,55.802100537053825
1998-06-18,53.43475222386985
1998-06-19,53.772940770694724
1998-06-22,52.75835292423326
1998-06-23,52.75835292423326
1998-06-24,52.081938081391655
1998-06-25,54.11110247098076
1998-06-26,56.14026881364254
1998-06-29,54.44932391697562
1998-06-30,56.478486871389556
1998-07-01,58.16945276831897
1998-07-02,56.47846677634393
1998-07-06,56.81665983540068
1998-07-07,56.478487076060375
1998-07-08,56.81668025667183
1998-07-09,58.845831175358605
1998-07-10,57.49302436246828
1998-07-13,59.1840091950172
1998-07-14,57.49306286830637
1998-07-15,56.47848278786937
1998-07-16,56.816675942803144
1998-07-17,58.50765385221285
1998-07-20,56.8166656405762
1998-07-21,56.140263236125136
1998-07-22,59.52220883373255
1998-07-23,57.831242402975036
1998-07-24,56.14025687511205
1998-07-27,57.831201412190424
1998-07-28,54.44923275360553
1998-07-29,55.46383975673622
1998-07-30,52.75831365340262
1998-07-31,52.08189931405234
1998-08-03,53.096506794589395
1998-08-04,54.11107484642041
1998-08-05,52.75829797525989
1998-08-06,54.78748763198434
1998-08-07,52.758323452558535
1998-08-10,54.4492804775365
1998-08-11,53.43467258511808
1998-08-12,53.43467258511808
1998-08-13,52.08192041395323
1998-08-14,54.111084115201265
1998-08-17,53.77288983948126
1998-08-18,55.125654429173096
1998-08-19,55.29472481130736
1998-08-20,54.11103063727171
1998-08-21,55.80200034468645
1998-08-24,54.44924825233057
1998-08-25,52.42008811771097
1998-08-26,53.0964645146938
1998-08-27,48.02357519849544
1998-08-28,46.24804757625667
1998-08-31,42.61244230823956
1998-09-01,46.67076608879167
1998-09-02,48.69991765680015
1998-09-03,48.36174542859133
1998-09-04,49.03813280015561
1998-09-08,48.699916798232934
1998-09-09,49.038089020479866
1998-09-10,48.36170665862039
1998-09-11,47.3471264146292
1998-09-14,50.052683259340355
1998-09-15,52.42002501945738
1998-09-16,51.06727385380526
1998-09-17,51.40549240853902
1998-09-18,51.06729567398324
1998-09-21,50.05269064353254
1998-09-22,49.37627858217584
1998-09-23,51.405446126788945
1998-09-24,48.36167825617565
1998-09-25,50.39083755244826
1998-09-28,50.55994920327428
1998-09-29,50.55994920327428
1998-09-30,50.05268123291783
1998-10-01,47.347133601553686
1998-10-02,45.909816666811324
1998-10-05,46.67077187806372
1998-10-06,47.347171374892504
1998-10-08,47.17866279196926
1998-10-09,47.85265716861534
1998-10-12,47.178652492395386
1998-10-13,47.347127460445726
1998-10-14,47.51563588707745
1998-10-15,48.5266260718468
1998-10-16,49.87459869087056
1998-10-19,48.5266379120524
1998-10-20,49.200624386012905
1998-10-21,47.852674879709305
1998-10-22,48.86365834189292
1998-10-23,48.1896819023832
1998-10-26,48.1896819023832
1998-10-27,47.51570101129646
1998-10-28,49.7061273122162
1998-10-29,51.22256184425729
1998-10-30,60.65832118414977
1998-11-02,55.09795485616232
1998-11-03,56.27743677576818
1998-11-04,53.58152244446178
1998-11-05,53.41300855637395
1998-11-06,53.581526598369315
1998-11-09,55.266504865308235
1998-11-10,56.614454918973095
1998-11-11,55.94045983316272
1998-11-12,54.59251851302283
1998-11-13,53.75004676732986
1998-11-16,53.2445813275299
1998-11-17,54.592521148417646
1998-11-18,53.91852188231928
1998-11-19,55.60347569114176
1998-11-20,56.95141514884642
1998-11-23,56.27745210197497
1998-11-24,56.951430868348226
1998-11-25,56.78291158440879
1998-11-27,56.44590500415533
1998-11-30,56.27741397771792
1998-12-01,54.92945735812363
1998-12-02,53.24449625366318
1998-12-03,53.91846508724205
1998-12-04,57.28836915519468
1998-12-07,53.91843812800951
1998-12-08,56.95135027271004
1998-12-09,58.29933178231481
1998-12-10,57.28836306987769
1998-12-11,55.26642758368942
1998-12-14,56.6143757524556
1998-12-15,58.29933280360019
1998-12-16,54.592428026616076
1998-12-17,57.28836589985445
1998-12-18,55.603400482007935
1998-12-21,59.310312381941955
1998-12-22,60.65825785144635
1998-12-23,59.98428394845893
1998-12-24,60.65826736290382
1998-12-28,58.63634533689614
1998-12-29,61.66925166310177
1998-12-30,59.64730190882365
1998-12-31,60.32125677309144
1999-01-04,59.984241911500185
1999-01-05,57.96229308514734
1999-01-06,58.973271401138476
1999-01-07,62.00620777602762
1999-01-08,57.962348923498425
1999-01-11,57.962348923498425
1999-01-12,57.962348923498425
1999-01-13,57.28836273021599
1999-01-14,57.87808913616083
1999-01-15,58.63629210384454
1999-01-19,61.332212905903006
1999-01-20,62.68017228114894
1999-01-21,63.354172173688134
1999-01-22,67.0610881417428
1999-01-25,67.0610881417428
1999-01-26,66.38712420591828
1999-01-27,64.36517156397863
1999-01-28,64.70218760228762
1999-01-29,65.37619029054065
1999-02-01,64.70222714483548
1999-02-02,64.70222714483548
1999-02-03,65.03919634380578
1999-02-04,64.36519515209493
1999-02-05,64.02817899027856
1999-02-08,66.05012485461256
1999-02-09,66.05012485461256
1999-02-10,64.70217390657963
1999-02-11,64.36520498487417
1999-02-12,63.69123692347755
1999-02-16,59.984343243294234
1999-02-17,59.984343243294234
1999-02-18,60.32133528363506
1999-02-19,59.984319983405385
1999-02-22,61.50078357690587
1999-02-23,60.65828434268583
1999-02-24,60.32126691487787
1999-02-25,58.636312966144594
1999-02-26,56.951339876749465
1999-03-01,53.24443411551172
1999-03-02,54.59237020958001
1999-03-03,55.26636761218749
1999-03-04,54.929353302488366
1999-03-05,55.26634488499912
1999-03-08,55.26634488499912
1999-03-09,54.59237180912657
1999-03-10,54.76084386852953
1999-03-11,56.614279390103775
1999-03-12,54.59235701596561
1999-03-15,53.9183597762465
1999-03-16,55.26631877065266
1999-03-17,53.91837325583644
1999-03-18,54.59235292153439
1999-03-19,55.26635011070365
1999-03-22,53.91840383150359
1999-03-23,52.907433759662894
1999-03-24,53.075943936187414
1999-03-25,54.08693451628391
1999-03-26,53.91845371526569
1999-03-29,54.92942472242692
1999-03-30,54.76095617680324
1999-03-31,54.25545779033517
1999-04-01,55.0979365389035
1999-04-05,54.592468069095595
1999-04-06,55.26646667987664
1999-04-07,55.26646667987664
1999-04-08,56.614415802198835
1999-04-09,56.27744679934415
1999-04-12,57.96239355651652
1999-04-13,59.31036698106687
1999-04-14,59.31036698106687
1999-04-15,61.66931820700485
1999-04-16,60.65837307363742
1999-04-19,61.33234825685861
1999-04-20,58.63642355688013
1999-04-21,61.163829321452326
1999-04-22,60.32135873637864
1999-04-23,59.9843433051185
1999-04-26,60.8268234068389
1999-04-27,59.310349872482995
1999-04-28,59.310349872482995
1999-04-29,59.64735128045844
1999-04-30,58.63638832360594
1999-05-03,59.81585927473529
1999-05-04,58.2994076104022
1999-05-05,59.31037763777418
1999-05-06,59.4788784206431
1999-05-07,59.81588574577446
1999-05-10,58.804937460785126
1999-05-11,59.226157227816735
1999-05-12,58.29944554567308
1999-05-13,58.97344543562661
1999-05-14,59.47890683645537
1999-05-17,58.97339560725234
1999-05-18,58.6364216247525
1999-05-19,58.6364216247525
1999-05-20,59.64737216998486
1999-05-21,58.63640885907579
1999-05-24,57.62545853393647
1999-05-25,57.62545853393647
1999-05-26,54.92950908188479
1999-05-27,56.108955500891014
1999-05-28,55.94046030752183
1999-06-01,55.26648964173682
1999-06-02,55.26648964173682
1999-06-03,53.918539959374854
1999-06-04,54.255530834120954
1999-06-07,55.60350949769469
1999-06-08,56.95144977493781
1999-06-09,55.266484181896494
1999-06-10,56.108966466765324
1999-06-11,55.94047124046563
1999-06-14,56.61444203797076
1999-06-15,56.61444203797076
1999-06-16,56.61444203797076
1999-06-17,56.27747287896076
1999-06-18,56.27747287896076
1999-06-21,56.95145189415919
1999-06-22,56.61447015330146
1999-06-23,58.46791467718024
1999-06-24,58.46791467718024
1999-06-25,57.288441434397484
1999-06-28,59.31037968638311
1999-06-29,62.090553734182315
1999-06-30,64.7022066053495
1999-07-01,63.691234627140915
1999-07-02,61.669292692667696
1999-07-06,63.354221107616766
1999-07-07,64.87066774404867
1999-07-08,64.44939762771882
1999-07-09,64.70216816521474
1999-07-12,64.87065261111697
1999-07-13,65.37612473626278
1999-07-14,65.03911081324735
1999-07-15,65.03911081324735
1999-07-16,64.87059447713023
1999-07-19,65.20759721543891
1999-07-20,65.37609364664361
1999-07-21,63.35414182234022
1999-07-22,64.70212789789414
1999-07-23,62.511702060038836
1999-07-26,61.50070030262182
1999-07-27,63.35414690764195
1999-07-28,62.006160723888044
1999-07-29,64.28085673004388
1999-07-30,64.70208918419586
1999-08-02,64.02808752116408
1999-08-03,63.35412787191632
1999-08-04,62.00614209318555
1999-08-05,64.02810038070224
1999-08-06,61.33219721417277
1999-08-09,63.85963572917162
1999-08-10,62.006173661768145
1999-08-11,62.17464443560717
1999-08-12,61.83765786276618
1999-08-13,62.00616548044223
1999-08-16,62.00616548044223
1999-08-17,62.00616548044223
1999-08-18,60.65821344906289
1999-08-19,58.29927618624229
1999-08-20,61.33217943127917
1999-08-23,60.82667960840657
1999-08-24,60.82667960840657
1999-08-25,59.984230095830135
1999-08-26,60.15272579816932
1999-08-27,59.89996404436541
1999-08-30,57.96226010749424
1999-08-31,56.614289786434355
1999-09-01,58.973237398965715
1999-09-02,57.96225919023524
1999-09-03,57.4567703278372
1999-09-07,57.625291035208754
1999-09-08,57.625291035208754
1999-09-09,57.625291035208754
1999-09-10,58.1307800881696
1999-09-13,57.625274824522876
1999-09-14,56.27730439582764
1999-09-15,56.61429289454987
1999-09-16,55.266306580730635
1999-09-17,56.44574482947
1999-09-20,55.60329208789017
1999-09-21,57.288238648029505
1999-09-22,57.288238648029505
1999-09-23,57.962234775723566
1999-09-24,57.28824990975146
1999-09-27,59.31018140206621
1999-09-28,60.65812389479097
1999-09-29,56.61422874909694
1999-09-30,53.24432339703569
1999-10-01,53.41284168058732
1999-10-04,52.99162801109421
1999-10-05,52.23342379751148
1999-10-06,50.21146796230981
1999-10-07,52.233383354216095
1999-10-08,52.570393143617494
1999-10-11,52.90736936366808
1999-10-12,52.738859392244805
1999-10-13,51.55940754079664
1999-10-14,52.23339211616993
1999-10-15,53.91833687905333
1999-10-18,52.90736806257108
1999-10-19,51.55939413907289
1999-10-20,51.55939413907289
1999-10-21,52.23337853925885
1999-10-22,52.4018834184265
1999-10-25,52.149149134699435
1999-10-26,52.73890386226375
1999-10-27,50.71694702708842
1999-10-28,50.54846532906443
1999-10-29,51.89644125399459
1999-11-01,51.89644125399459
1999-11-02,52.57042033656022
1999-11-03,53.91837848440996
1999-11-04,53.91837848440996
1999-11-05,51.727944358480805
1999-11-08,51.222458886209736
1999-11-09,51.222458886209736
1999-11-10,50.885466329197364
1999-11-11,51.55944433072758
1999-11-12,50.885459274436315
1999-11-15,51.39095542686857
1999-11-16,52.40191830202592
1999-11-17,52.57039046936693
1999-11-18,52.57039046936693
1999-11-19,53.24439544557469
1999-11-22,50.885455749753945
1999-11-23,49.874463514917835
1999-11-24,50.21146526488813
1999-11-26,50.21146526488813
1999-11-29,50.88545376313872
1999-11-30,50.548439402865455
1999-12-01,50.7169173513952
1999-12-02,50.21142183615385
1999-12-03,50.37993136783598
1999-12-06,48.526504072744665
1999-12-07,48.86347211702581
1999-12-08,48.189498246115676
1999-12-09,48.10526300318147
1999-12-10,47.85251795136275
1999-12-13,47.347051804242504
1999-12-14,45.830620429056225
1999-12-15,46.504605533085936
1999-12-16,45.83061428509492
1999-12-17,44.48264425774171
1999-12-20,45.83060182668405
1999-12-21,52.57040430071438
1999-12-22,53.41289760003764
1999-12-23,54.592361204841666
1999-12-27,55.09783187723729
1999-12-28,55.01358729229699
1999-12-29,54.929361490152495
1999-12-30,55.94033638837875
1999-12-31,55.26636721557156
2000-01-03,55.94034056376546
2000-01-04,51.22250006163917
2000-01-05,54.25543551278888
2000-01-06,54.4239528954916
2000-01-07,54.592449453656045
2000-01-10,52.73898120225497
2000-01-11,52.73898120225497
2000-01-12,51.55952662664774
2000-01-13,51.55952662664774
2000-01-14,51.55952662664774
2000-01-18,51.55952662664774
2000-01-19,52.40200929172716
2000-01-20,52.57048175160007
2000-01-21,51.60166034339983
2000-01-24,50.88553250115413
2000-01-25,49.8745387414212
2000-01-26,50.21154099969697
2000-01-27,51.72797974942882
2000-01-28,51.559501719384926
2000-01-31,51.559501719384926
2000-02-01,51.559501719384926
2000-02-02,49.87453720319542
2000-02-03,49.87453720319542
2000-02-04,50.7170178856318
2000-02-07,49.53754291768355
2000-02-08,48.69505792528251
2000-02-09,49.49540989734244
2000-02-10,48.18957249802085
2000-02-11,45.83064473467024
2000-02-14,46.50463019613831
2000-02-15,46.16765764573709
2000-02-16,46.16765764573709
2000-02-17,46.16765764573709
2000-02-18,46.504635378893326
2000-02-22,47.85261873998592
2000-02-23,47.01012553444973
2000-02-24,46.50462565457779
2000-02-25,46.50462565457779
2000-02-28,46.50462565457779
2000-02-29,49.70605058926458
2000-03-01,47.85261137489208
2000-03-02,50.548531794530746
2000-03-03,50.88553885600488
2000-03-06,52.06501476114822
2000-03-07,52.90747876499836
2000-03-08,52.73896844513183
2000-03-09,53.24447145767842
2000-03-10,52.06499992594794
2000-03-13,52.73898134998933
2000-03-14,47.34715885269182
2000-03-15,48.35811538851449
2000-03-16,47.17866095418862
2000-03-17,48.86359965150652
2000-03-20,48.86359965150652
2000-03-21,53.24446567826234
2000-03-22,55.26642426239435
2000-03-23,53.244502130754654
2000-03-24,51.222542162339245
2000-03-27,51.55953526722527
2000-03-28,52.23352151223844
2000-03-29,51.22254170336907
2000-03-30,52.401991948630844
2000-03-31,53.58145598341062
2000-04-03,52.06499361616814
2000-04-04,51.22252995446492
2000-04-05,48.52658575790152
2000-04-06,51.05399592393031
2000-04-07,49.706017269550784
2000-04-10,51.22244844441023
2000-04-11,51.22244844441023
2000-04-12,49.369015369897696
2000-04-13,49.53751181935516
2000-04-14,44.48265457579633
2000-04-17,43.97715368919698
2000-04-18,43.13468335597304
2000-04-19,43.13468335597304
2000-04-20,42.797672074912825
2000-04-24,42.96616650987176
2000-04-25,41.78670227300927
2000-04-26,42.62916397753541
2000-04-27,41.95519689505058
2000-04-28,42.96614931943371
2000-05-01,42.629165810321396
2000-05-02,42.96614936605199
2000-05-03,42.460652618760385
2000-05-04,42.79766281859549
2000-05-05,43.640134811179536
2000-05-08,43.8086293716855
2000-05-09,44.1456053488125
2000-05-10,42.62915965947544
2000-05-11,42.62915965947544
2000-05-12,43.134656234717504
2000-05-15,41.44968715822073
2000-05-16,41.78667311481706
2000-05-17,41.11269586414818
2000-05-18,41.449696632146605
2000-05-19,40.775724564907904
2000-05-22,40.10174261357454
2000-05-23,40.10174261357454
2000-05-24,40.4387175567564
2000-05-25,40.10174172335594
2000-05-26,40.438716659057306
2000-05-30,40.10174083313738
2000-05-31,40.10174083313738
2000-06-01,38.92226843175314
2000-06-02,40.775707932204796
2000-06-05,40.43873748185305
2000-06-06,40.27022926276617
2000-06-07,41.28121336840792
2000-06-08,40.270236453015606
2000-06-09,38.66953482424469
2000-06-12,38.079785748640134
2000-06-13,38.75375987660531
2000-06-14,39.59622786256283
2000-06-15,39.090742417669354
2000-06-16,38.9222613178492
2000-06-19,42.46064517199355
2000-06-20,40.27022786950591
2000-06-21,39.090753165435956
2000-06-22,40.944202136021936
2000-06-23,40.27021962466088
2000-06-26,40.27021962466088
2000-06-27,40.27021962466088
2000-06-28,41.78667528506674
2000-06-29,42.2921686959902
2000-06-30,48.189473283296465
2000-07-03,48.52646226996656
2000-07-05,45.493558378093645
2000-07-06,43.977121596676646
2000-07-07,44.819591315104184
2000-07-10,44.819591315104184
2000-07-11,45.15658982220245
2000-07-12,43.47166198616661
2000-07-13,43.80865430988337
2000-07-14,43.80865430988337
2000-07-17,42.29221774094676
2000-07-18,41.11277237258723
2000-07-19,41.11277237258723
2000-07-20,40.94429223140437
2000-07-21,39.59632424256207
2000-07-24,38.585350892000974
2000-07-25,38.585350892000974
2000-07-26,38.07988279531577
2000-07-27,40.438817294837186
2000-07-28,40.2703087431696
2000-07-31,40.101817771388184
2000-08-01,39.09085094537149
2000-08-02,42.46075593281913
2000-08-03,42.46075593281913
2000-08-04,43.640230811120986
2000-08-07,43.640230811120986
2000-08-08,43.13474601763577
2000-08-09,43.13474601763577
2000-08-10,42.79773424699998
2000-08-11,40.438808730773836
2000-08-14,40.607317246754974
2000-08-15,41.618277016930186
2000-08-16,41.11278142428255
2000-08-17,41.4497828936174
2000-08-18,41.11279615869229
2000-08-21,42.12375981623453
2000-08-22,39.38571542817929
2000-08-23,40.438810687297945
2000-08-24,38.0798935434758
2000-08-25,36.39493441396408
2000-08-28,37.06893220437628
2000-08-29,36.39494487903631
2000-08-30,35.72094689482144
2000-08-31,38.07988678586166
2000-09-01,35.04697612291492
2000-09-05,35.04697612291492
2000-09-06,33.86750518847435
2000-09-07,34.372977703412325
2000-09-08,35.38395572362509
2000-09-11,35.046958929313284
2000-09-12,36.73191157375788
2000-09-13,34.87845604765763
2000-09-14,34.20446476299269
2000-09-15,34.37295595641519
2000-09-18,34.0359634962185
2000-09-19,34.37295357079455
2000-09-20,34.03596113398648
2000-09-21,34.03596113398648
2000-09-22,34.37295118517408
2000-09-25,34.5414473918838
2000-09-26,34.70994057226141
2000-09-27,34.37294175924532
2000-09-28,34.54143791974914
2000-09-29,34.87842418809422
2000-10-02,34.20443351908349
2000-10-03,35.04692292109204
2000-10-04,35.04692292109204
2000-10-05,34.87841731568743
2000-10-06,34.87841731568743
2000-10-09,35.04691494973951
2000-10-10,34.709938862497765
2000-10-11,35.046937658913755
2000-10-12,34.878431982649694
2000-10-16,36.39487644839134
2000-10-17,35.04691940937227
2000-10-18,33.698944795048995
2000-10-19,34.70991313890047
2000-10-20,34.87839505727669
2000-10-23,35.383887636841806
2000-10-24,34.03593843731632
2000-10-25,34.03593843731632
2000-10-26,35.046907916719924
2000-10-27,34.03594481095422
2000-10-30,36.05788414839377
2000-10-31,36.226382641019214
2000-11-01,34.372932225956745
2000-11-02,34.03593999841347
2000-11-03,35.72088920803492
2000-11-06,36.900357248795025
2000-11-07,37.742829305142266
2000-11-08,39.51202442882081
2000-11-09,39.59626406490305
2000-11-10,39.0907781578505
2000-11-13,37.74281085463333
2000-11-14,37.74281085463333
2000-11-15,38.92227369384063
2000-11-16,39.09076821666127
2000-11-17,38.75376670386543
2000-11-20,39.09076945912224
2000-11-21,39.42777098262933
2000-11-22,40.94424191016323
2000-11-24,40.94424191016323
2000-11-27,43.13467696387314
2000-11-28,41.44970707763336
2000-11-29,39.09076279813817
2000-11-30,39.93324691796364
2000-12-01,39.764768549216754
2000-12-04,41.112714673498104
2000-12-05,44.314120652408725
2000-12-06,40.77572674655519
2000-12-07,40.77572674655519
2000-12-08,43.471654696130436
2000-12-11,43.134662428926035
2000-12-12,43.47167354648324
2000-12-13,44.48265078648026
2000-12-14,45.662108272083785
2000-12-15,49.20051070419583
2000-12-18,48.52651290805905
2000-12-19,46.841575326865424
2000-12-20,46.16761874106249
2000-12-21,46.84161980706327
2000-12-22,48.52655971314313
2000-12-26,45.830618161719755
2000-12-27,46.16761069706288
2000-12-28,44.98816674658501
2000-12-29,45.32517310368367
2001-01-02,43.640209793554234
2001-01-03,44.31418919360589
2001-01-04,45.662138200497
2001-01-05,45.15665833061749
2001-01-08,42.460760671621294
2001-01-09,43.13474032576194
2001-01-10,44.819712687107184
2001-01-11,45.662188826486734
2001-01-12,41.11281929151503
2001-01-16,41.11281929151503
2001-01-17,41.11281929151503
2001-01-18,41.44982107124758
2001-01-19,42.4607822071753
2001-01-22,43.13476220314979
2001-01-23,47.6841424379538
2001-01-24,42.29230571592461
2001-01-25,40.43884541792421
2001-01-26,41.112839654504754
2001-01-29,40.944359237600594
2001-01-30,41.11284527586332
2001-01-31,41.2813257158038
2001-02-01,43.13477467779197
2001-02-02,42.96629024790052
2001-02-05,42.96629024790052
2001-02-06,42.79777645754825
2001-02-08,42.88153170607568
2001-02-09,42.71403644323175
2001-02-12,42.71403644323175
2001-02-13,44.891598021107704
2001-02-14,45.56160512157274
2001-02-15,45.56160512157274
2001-02-16,43.88653270927812
2001-02-20,44.22156249998075
2001-02-21,42.378982655294045
2001-02-22,42.21145853685767
2001-02-23,42.378953604331926
2001-02-26,40.87140708776502
2001-02-27,41.87643498805316
2001-02-28,43.216480907670864
2001-03-01,42.881466747674594
2001-03-02,45.561558419404264
2001-03-05,45.22654428034638
2001-03-06,45.394063400360785
2001-03-07,45.770970308773975
2001-03-08,45.39409213925153
2001-03-09,45.56159633924537
2001-03-12,45.89661075712784
2001-03-13,44.22156805093571
2001-03-14,43.71903415160487
2001-03-15,45.05906626738572
2001-03-16,43.551525087277795
2001-03-19,42.21148821186734
2001-03-20,42.54652079380494
2001-03-21,42.04400383670931
2001-03-22,42.04400383670931
2001-03-23,42.881520393136555
2001-03-26,45.22662498039641
2001-03-27,44.221598920082045
2001-03-28,43.384086058134606
2001-03-29,45.561663489650556
2001-03-30,45.0591639030232
2001-04-02,44.89167899079566
2001-04-03,45.561687299733286
2001-04-04,45.561687299733286
2001-04-05,44.89165712630341
2001-04-06,45.22668356343701
2001-04-09,45.56167760859138
2001-04-10,45.56167760859138
2001-04-11,45.82967139628511
2001-04-12,45.883292111818754
2001-04-16,45.963679639598666
2001-04-17,46.097709729427734
2001-04-18,46.63373389816152
2001-04-19,48.50980901288456
2001-04-20,48.777825707680755
2001-04-23,48.563398385869796
2001-04-24,48.6438193735968
2001-04-25,49.58186678639725
2001-04-26,51.59196524778458
2001-04-27,54.272064658476495
2001-04-30,55.21010302403361
2001-05-01,55.585310884184935
2001-05-02,54.27205232923518
2001-05-03,54.83485351188935
2001-05-04,55.478066343583805
2001-05-07,54.13799365105454
2001-05-08,56.89848994732182
2001-05-09,57.354133054819975
2001-05-10,57.40775916922623
2001-05-11,61.61551828529384
2001-05-14,61.48150453302332
2001-05-15,61.37428078911773
2001-05-16,63.75959221198679
2001-05-17,61.10630054167717
2001-05-18,61.64232501002877
2001-05-21,62.33912985194213
2001-05-22,62.633931597011966
2001-05-23,60.89189405750427
2001-05-24,60.489885772936624
2001-05-25,61.374308392822726
2001-05-29,61.64232999757419
2001-05-30,61.186731536562114
2001-05-31,62.74118045124847
2001-06-01,63.38440303323467
2001-06-04,61.615534497786186
2001-06-05,62.339147334928185
2001-06-06,62.04434550718132
2001-06-07,61.64236019264029
2001-06-08,62.17840215687549
2001-06-11,61.05278654262958
2001-06-12,60.62395176995415
2001-06-13,60.302341705814534
2001-06-14,60.302341705814534
2001-06-15,59.712705408615086
2001-06-18,60.67754330260749
2001-06-19,60.034300666056545
2001-06-20,59.06948942005235
2001-06-21,58.56025135176208
2001-06-22,56.04093077835793
2001-06-25,55.049286508234886
2001-06-26,55.61211041349508
2001-06-27,54.9957057816719
2001-06-28,56.25532742689532
2001-06-29,59.364221841815265
2001-07-02,59.28384268544144
2001-07-03,58.158220364372966
2001-07-05,56.87176052991303
2001-07-06,58.660718629141975
2001-07-09,60.30228017925988
2001-07-10,59.203452029833414
2001-07-11,57.11297813866
2001-07-12,58.935453271064645
2001-07-13,60.57032274480399
2001-07-16,61.50837533315276
2001-07-17,61.50837533315276
2001-07-18,61.26713948509614
2001-07-19,60.168313338430934
2001-07-20,61.401162078735375
2001-07-23,62.76801334777011
2001-07-24,62.76801334777011
2001-07-25,64.26885931492863
2001-07-26,64.32245954359729
2001-07-27,62.473188831718865
2001-07-30,61.240342923313726
2001-07-31,62.928800418052404
2001-08-01,62.98241575600859
2001-08-02,61.93715958412188
2001-08-03,61.642338704501455
2001-08-06,57.62221030120999
2001-08-07,56.8182076008772
2001-08-08,59.283890537924876
2001-08-09,60.35592113052218
2001-08-10,58.694262265877775
2001-08-13,59.47149168680252
2001-08-14,58.88189131821956
2001-08-15,60.06111895564955
2001-08-16,60.97236625244466
2001-08-17,61.5619690341058
2001-08-20,60.30234958569896
2001-08-21,60.06114018735617
2001-08-22,59.76630005017644
2001-08-23,59.632304005463936
2001-08-24,60.30233257326933
2001-08-27,58.96229413882614
2001-08-28,60.03434657085827
2001-08-29,58.42626656361126
2001-08-30,60.221939440177295
2001-08-31,60.436329544584325
2001-09-04,59.47152397973457
2001-09-05,60.11476798309938
2001-09-06,57.568667099943184
2001-09-07,54.80813437516671
2001-09-10,54.11130375472084
2001-09-17,53.49486778234707
2001-09-18,53.33406220979333
2001-09-19,54.11129949837665
2001-09-20,51.994032571604166
2001-09-21,48.107894589137324
2001-09-24,46.01741413766095
2001-09-25,42.88169550349246
2001-09-26,44.35575378642501
2001-09-27,46.31224173019043
2001-09-28,50.251977821935995
2001-10-01,50.198358961599986
2001-10-02,50.68076519122096
2001-10-03,53.039245280159605
2001-10-04,55.960540831700236
2001-10-05,56.28214605986001
2001-10-08,55.85333238902993
2001-10-09,55.15650621414439
2001-10-10,56.952181430452086
2001-10-11,60.16832806801114
2001-10-12,56.067796341848116
2001-10-15,53.870106928636694
2001-10-16,57.43463803399766
2001-10-17,55.45136254804568
2001-10-18,55.77298045082434
2001-10-19,57.89029010767899
2001-10-22,58.82834436858383
2001-10-23,57.059493710109244
2001-10-24,60.570421417585976
2001-10-25,62.71449319492569
2001-10-26,58.96234778156648
2001-10-29,57.139880573986034
2001-10-30,57.27387359393204
2001-10-31,59.337565807268604
2001-11-01,59.230342825854876
2001-11-02,55.07616350142072
2001-11-05,58.613925787770974
2001-11-06,55.15658337517931
2001-11-07,57.75627861940164
2001-11-08,55.82658359444881
2001-11-09,58.29227631206483
2001-11-12,55.58535787696148
2001-11-13,56.60379280398317
2001-11-14,58.53347270446377
2001-11-15,58.453047712967845
2001-11-16,61.91037012604675
2001-11-19,63.65246603102358
2001-11-20,65.79653569681258
2001-11-21,64.29565092103259
2001-11-23,62.98241225097049
2001-11-26,66.17171564253513
2001-11-27,62.580378119467824
2001-11-28,61.240344482795656
2001-11-29,60.94553346445548
2001-11-30,64.1348741761839
2001-12-03,64.7512744518912
2001-12-04,65.79648952409363
2001-12-05,64.99245642210921
2001-12-06,65.12647086725161
2001-12-07,64.48321671449575
2001-12-10,64.32239557200981
2001-12-11,64.18841202203332
2001-12-12,64.32243742633533
2001-12-13,64.18845378917628
2001-12-14,64.56363530157402
2001-12-17,70.21863499036829
2001-12-18,67.37772945592796
2001-12-19,62.17832482927292
2001-12-20,62.44631340928709
2001-12-21,63.78634884873698
2001-12-24,64.21518447204704
2001-12-26,64.24196220397188
2001-12-27,64.59034636500401
2001-12-28,64.99235668077979
2001-12-31,65.52834864632618
2002-01-02,66.51998914639104
2002-01-03,64.56350322561738
2002-01-04,64.91188788902281
2002-01-07,64.05427202623304
2002-01-08,64.45627663746967
2002-01-09,63.143044457257865
2002-01-10,62.982219123025224
2002-01-11,64.32229179930583
2002-01-14,64.32229179930583
2002-01-15,65.26030378061512
2002-01-16,67.00236232973485
2002-01-17,69.25364170401394
2002-01-18,68.34240228647253
2002-01-22,69.092801863578
2002-01-23,73.62218048974485
2002-01-24,70.62045694681697
2002-01-25,70.24525045905854
2002-01-28,69.81640320500598
2002-01-29,73.43449866829901
2002-01-30,77.72263278353567
2002-01-31,80.3759280215
2002-02-01,78.58024941357168
2002-02-04,78.39267835822149
2002-02-05,84.42287835557096
2002-02-06,84.2084442445478
2002-02-07,82.65395636379345
2002-02-08,82.8148009628774
2002-02-11,87.18336452847014
2002-02-12,88.5502253175475
2002-02-13,88.5502253175475
2002-02-14,88.44299099468795
2002-02-15,93.66917577555505
2002-02-19,93.10631769831973
2002-02-20,95.81319767276297
2002-02-21,98.8953166155004
2002-02-22,97.15327561331836
2002-02-25,96.88522972590121
2002-02-26,89.91695334832522
2002-02-27,93.2938744482749
2002-02-28,99.19004731340588
2002-03-01,103.98737395171875
2002-03-04,96.00072768273095
2002-03-05,96.48313133933668
2002-03-06,101.65568849356987
2002-03-07,100.77392705157663
2002-03-08,101.8432391915209
2002-03-11,101.03918681810384
2002-03-12,96.64388115232951
2002-03-13,97.82583581882248
2002-03-14,100.23528615504007
2002-03-15,101.119662084786
2002-03-18,101.44122261021562
2002-03-19,101.06599152778043
2002-03-20,99.9672020678904
2002-03-21,101.84328654909848
2002-03-22,101.57523501890125
2002-03-25,101.44125728391133
2002-03-26,101.84326898652745
2002-03-27,100.7444819574318
2002-03-28,100.18162253673563
2002-04-01,97.12628341261028
2002-04-02,97.12628341261028
2002-04-03,98.22507305685713
2002-04-04,97.34065449905319
2002-04-05,96.50985201290378
2002-04-08,98.30551431945585
2002-04-09,99.16313162637879
2002-04-10,109.77626411495523
2002-04-11,107.73936553430224
2002-04-12,107.73936553430224
2002-04-15,109.74945887707571
2002-04-16,110.09791340901042
2002-04-17,109.88355277160306
2002-04-18,110.01750082243164
2002-04-19,109.80307671332874
2002-04-22,106.88176585737062
2002-04-23,106.90859318060082
2002-04-24,112.88521117376912
2002-04-25,113.23357493545136
2002-04-26,112.96555106357914
2002-04-29,108.54340160164426
2002-04-30,103.23682324074149
2002-05-01,105.9436927461137
2002-05-02,109.88342084826344
2002-05-03,109.88342084826344
2002-05-06,108.40933475758399
2002-05-07,107.36405195185135
2002-05-08,102.51312935656281
2002-05-09,105.86325842393529
2002-05-10,103.18322417367494
2002-05-13,102.59363523074657
2002-05-14,109.74943869445593
2002-05-15,108.67740617728849
2002-05-16,103.61206095277126
2002-05-17,105.3273586218444
2002-05-20,103.18594809370367
2002-05-21,102.51327889808081
2002-05-22,104.5233592707144
2002-05-23,106.5334479928495
2002-05-24,102.37928272181634
2002-05-28,101.57529821460193
2002-05-29,100.50327251724502
2002-05-30,99.80376974052501
2002-05-31,97.01914476099462
2002-06-03,89.99728713977288
2002-06-04,99.6456263021665
2002-06-05,106.07785112559768
2002-06-06,102.13811973479298
2002-06-07,102.11135954742247
2002-06-10,102.40615504243587
2002-06-11,103.18341775920796
2002-06-12,103.12986556539093
2002-06-13,101.57538910172379
2002-06-14,101.57538910172379
2002-06-17,105.97075933893358
2002-06-18,106.85519129637632
2002-06-19,103.18343321305022
2002-06-20,105.19354967547366
2002-06-21,110.55368699918742
2002-06-24,108.19524519443375
2002-06-25,114.35945289889622
2002-06-26,115.08311951684043
2002-06-27,117.57558971933615
2002-06-28,120.49687282150278
2002-07-01,115.64590971545472
2002-07-02,113.79661597319489
2002-07-03,108.49005217713287
2002-07-05,109.7229331300738
2002-07-08,111.2506055280438
2002-07-09,110.12497190131107
2002-07-10,109.34770984963161
2002-07-11,108.78489718703557
2002-07-12,105.54201940189004
2002-07-15,99.16073782481295
2002-07-16,100.98589036521646
2002-07-17,103.74633967834967
2002-07-18,103.07634581670689
2002-07-19,100.12825925000325
2002-07-22,98.3593934220927
2002-07-23,96.02768564162857
2002-07-24,98.35933387669294
2002-07-25,98.94889972394985
2002-07-26,100.47657178678791
2002-07-29,110.60732309033438
2002-07-30,108.03448614793012
2002-07-31,107.06963015214295
2002-08-01,104.14566562231809
2002-08-02,107.60569707128838
2002-08-05,99.45822411183869
2002-08-06,101.44152055885287
2002-08-07,102.16510292499918
2002-08-08,101.87025443795763
2002-08-09,106.50677719844683
2002-08-12,106.58718981523167
2002-08-13,108.27563748909475
2002-08-14,111.86692383333306
2002-08-15,113.12654539569638
2002-08-16,116.34261995475065
2002-08-19,116.47664665293853
2002-08-20,113.90379400502178
2002-08-21,112.56371586855269
2002-08-22,111.27722515989099
2002-08-23,101.87007109932412
2002-08-26,100.23526019832218
2002-08-27,101.17326176325808
2002-08-28,100.85163196411267
2002-08-29,99.83323218453904
2002-08-30,102.11132670975803
2002-09-03,101.01250672303433
2002-09-04,101.57534841049508
2002-09-05,102.29897119257143
2002-09-06,102.67420381890578
2002-09-09,104.3090851663142
2002-09-10,105.70275885322133
2002-09-11,107.23037512416808
2002-09-12,105.97073990758447
2002-09-13,107.90036111056168
2002-09-16,104.92544025438238
2002-09-17,100.77133714927113
2002-09-18,101.22692436452297
2002-09-19,100.69092780001282
2002-09-20,103.34423443847095
2002-09-23,102.9422253665053
2002-09-24,105.3007346918773
2002-09-25,104.49697418397419
2002-09-26,106.53362021081983
2002-09-27,103.12987104508414
2002-09-30,98.76128970761438
2002-10-01,107.20360227440068
2002-10-02,106.39957525734268
2002-10-03,107.20363684756242
2002-10-04,103.88032410528798
2002-10-07,106.18522073653612
2002-10-08,106.6676201943422
2002-10-09,105.16680677820781
2002-10-10,103.45153615965523
2002-10-11,99.43140946449104
2002-10-14,102.72795841387678
2002-10-15,99.43141822837548
2002-10-16,96.64385841834297
2002-10-17,100.44988685057415
2002-10-18,101.843528580739
2002-10-21,102.05790920840147
2002-10-22,100.90547129762021
2002-10-23,104.3359546053254
2002-10-24,99.96740818600044
2002-10-25,101.84349653542711
2002-10-28,99.37786548430442
2002-10-29,99.64588758751559
2002-10-30,99.69949707503766
2002-10-31,99.16351257876224
2002-11-01,99.97020775359047
2002-11-04,98.65429990892996
2002-11-05,100.10155848859395
2002-11-06,96.18858856727482
2002-11-07,96.21542518348508
2002-11-08,94.71456076604788
2002-11-11,94.98260297301582
2002-11-12,93.80339395710583
2002-11-13,91.57894027280702
2002-11-14,89.32765518408058
2002-11-15,85.76312443161504
2002-11-18,82.54700726542947
2002-11-19,86.06062062968246
2002-11-20,91.98365678389973
2002-11-21,95.54553992554268
2002-11-22,93.74985704818204
2002-11-25,91.28414205795781
2002-11-26,90.45327379694626
2002-11-27,92.46332644726199
2002-11-29,89.24717456344689
2002-12-02,89.27662613105282
2002-12-03,89.1667266042855
2002-12-04,89.54194018983634
2002-12-05,96.91222682880195
2002-12-06,99.32970232704642
2002-12-09,100.50358074914746
2002-12-10,101.44158066827926
2002-12-11,97.87702496517657
2002-12-12,97.39458910912322
2002-12-13,96.40291740281413
2002-12-16,96.8853176014978
2002-12-17,93.8380805922955
2002-12-18,95.65253371862812
2002-12-19,96.88539922572753
2002-12-20,92.89468963161981
2002-12-23,97.421354962679
2002-12-24,97.55540674710765
2002-12-26,92.43638188886669
2002-12-27,90.34593311244997
2002-12-30,94.50003911696041
2002-12-31,95.70604861617105
2003-01-02,94.39277021705995
2003-01-03,94.87521166563936
2003-01-06,95.38440692664884
2003-01-07,92.81417869760335
2003-01-08,98.49329266375231
2003-01-09,97.82590211266272
2003-01-10,99.69926813812022
2003-01-13,98.3323911719466
2003-01-14,97.3408073393687
2003-01-15,95.51839274436104
2003-01-16,97.12644488621235
2003-01-17,95.27715737557888
2003-01-21,93.96395231547129
2003-01-22,80.53669145749508
2003-01-23,76.43616581193672
2003-01-24,69.280288404789
2003-01-27,70.88835317895257
2003-01-28,70.72757839394271
2003-01-29,73.38085276981309
2003-01-30,69.28033071703592
2003-01-31,71.10281909687828
2003-02-03,73.7828976570969
2003-02-04,78.17821865342782
2003-02-05,77.18660612802775
2003-02-06,74.72095718187403
2003-02-07,75.87337850449006
2003-02-10,79.54511891045784
2003-02-11,74.77455949404096
2003-02-12,77.69854386849595
2003-02-13,75.47139280704937
2003-02-14,77.64225194975134
2003-02-18,79.16994089911465
2003-02-19,77.77631242946752
2003-02-20,79.22357405115505
2003-02-21,79.49158740217011
2003-02-24,80.64405643632676
2003-02-25,80.26881964172853
2003-02-26,77.64234359423153
2003-02-27,79.38440485745531
2003-02-28,77.53514514630089
2003-03-03,76.86508642194656
2003-03-04,75.0961901881183
2003-03-05,76.40939726593793
2003-03-06,76.21371279953985
2003-03-07,75.20334760895636
2003-03-10,74.64052575545094
2003-03-11,76.99901708827167
2003-03-12,77.72265385086725
2003-03-13,79.22347829672748
2003-03-14,79.1698440019206
2003-03-17,81.95448492500014
2003-03-18,82.51997087098263
2003-03-19,83.35078193771169
2003-03-20,82.51994134335658
2003-03-21,83.08272734331828
2003-03-24,82.25190006988511
2003-03-25,83.16316887075936
2003-03-26,82.09111246084642
2003-03-27,81.31387380806711
2003-03-28,80.26866527413821
2003-03-31,81.26030436493492
2003-04-01,80.37318562218293
2003-04-02,80.37583793730846
2003-04-03,79.46196465996127
2003-04-04,77.29376549224956
2003-04-07,77.10617352339987
2003-04-08,78.36577997407814
2003-04-09,78.49978545783381
2003-04-10,80.26862112355518
2003-04-11,81.42103771702605
2003-04-14,82.73427763436396
2003-04-15,82.4126894971992
2003-04-16,82.30547058816333
2003-04-17,83.77956156639735
2003-04-21,83.08276695284962
2003-04-22,82.68072944356479
2003-04-23,88.97893400892833
2003-04-24,86.13801460389128
2003-04-25,85.03915195158943
2003-04-28,84.42270313909236
2003-04-29,85.22674496378909
2003-04-30,85.092768520706
2003-05-01,85.06596429862199
2003-05-02,84.69073833010076
2003-05-05,84.55675758206254
2003-05-06,85.36080778991037
2003-05-07,84.74441739685942
2003-05-08,84.85161908486646
2003-05-09,85.4412529858872
2003-05-12,86.96894258927486
2003-05-13,87.37091304192248
2003-05-14,86.03090534859851
2003-05-15,85.6021273163411
2003-05-16,82.62719658571629
2003-05-19,82.65396779741006
2003-05-20,83.80641207040935
2003-05-21,83.0560094567309
2003-05-22,83.69653740166122
2003-05-23,85.57527357671631
2003-05-27,84.34239061029658
2003-05-28,84.31556973008249
2003-05-29,84.69077401538136
2003-05-30,84.36920314644496
2003-06-02,84.95885950723545
2003-06-03,85.22690470898078
2003-06-04,87.15661228540154
2003-06-05,90.15828601251077
2003-06-06,88.36260342999961
2003-06-09,87.63900207051134
2003-06-10,88.36263731060754
2003-06-11,87.79976731093898
2003-06-12,90.3458727631889
2003-06-13,89.3810691879508
2003-06-16,88.87186523678704
2003-06-17,89.11306347903968
2003-06-18,90.05106758522007
2003-06-19,89.86349121144006
2003-06-20,90.74792769194303
2003-06-23,86.19174648631365
2003-06-24,85.76294254754424
2003-06-25,85.95050610289573
2003-06-26,85.28052190782365
2003-06-27,87.04941049323573
2003-06-30,84.15493054492515
2003-07-01,84.07456258625474
2003-07-02,85.20023690472212
2003-07-03,86.45983720712152
2003-07-07,87.45144508005
2003-07-08,89.56602102208561
2003-07-09,89.48827771583844
2003-07-10,89.38107075913486
2003-07-11,89.32744211667938
2003-07-14,88.57700227545715
2003-07-15,88.11870486568394
2003-07-16,85.36085375950262
2003-07-17,81.79635522821332
2003-07-18,81.74277861553884
2003-07-21,81.47474404445848
2003-07-22,84.12805055901032
2003-07-23,90.64065533693498
2003-07-24,89.05942910458215
2003-07-25,87.79977253932694
2003-07-28,90.07782543763233
2003-07-29,89.75624760081999
2003-07-30,90.82829622216418
2003-07-31,90.80150187477864
2003-08-01,90.8818612039378
2003-08-04,90.8818612039378
2003-08-05,90.0510192288114
2003-08-06,89.54178071507248
2003-08-07,89.03255660814587
2003-08-08,86.80807818129134
2003-08-11,86.62048592434157
2003-08-12,91.06940070190169
2003-08-13,92.38262146002312
2003-08-14,100.95886974064291
2003-08-15,98.89516948427443
2003-08-18,98.60036298404182
2003-08-19,98.30554789871954
2003-08-20,98.33238531329589
2003-08-21,98.41282120448216
2003-08-22,95.00911537030393
2003-08-25,95.73270479296417
2003-08-26,94.15148770789878
2003-08-27,93.74946085538605
2003-08-28,95.65229366236782
2003-08-29,94.12463088028615
2003-09-02,97.76951308649434
2003-09-03,97.153076306484
2003-09-04,96.37585169603213
2003-09-05,94.87499055756982
2003-09-08,94.74093219591197
2003-09-09,94.63378020159838
2003-09-10,94.52656012862997
2003-09-11,94.98217814844996
2003-09-12,94.15136903618549
2003-09-15,95.86661867728671
2003-09-16,95.22335366596211
2003-09-17,95.27696441407605
2003-09-18,95.14300500210986
2003-09-19,95.00904365106689
2003-09-22,93.93696160250826
2003-09-23,93.13295514815239
2003-09-24,94.09781256348725
2003-09-25,91.55171395114441
2003-09-26,90.31887857107829
2003-09-29,91.73932357436564
2003-09-30,95.89346362446008
2003-10-01,101.11965739199314
2003-10-02,99.43116135286164
2003-10-03,100.42278832503374
2003-10-06,98.25194890981149
2003-10-07,99.45799158267943
2003-10-08,100.39597990129568
2003-10-09,101.70925971438452
2003-10-10,101.87006205399295
2003-10-13,103.1564771976108
2003-10-14,105.16658431228342
2003-10-15,104.65736771104335
2003-10-16,101.89692498029687
2003-10-17,103.34416700579203
2003-10-20,103.45133490697704
2003-10-21,104.17497699465135
2003-10-22,102.51599048601153
2003-10-23,101.8968964194665
2003-10-24,101.44131539557506
2003-10-27,102.03089232065415
2003-10-28,104.76460601860144
2003-10-29,102.91530119316108
2003-10-30,95.57188279182427
2003-10-31,95.6522587452522
2003-11-03,96.61710307921555
2003-11-04,96.29546474306485
2003-11-05,95.8398908993654
2003-11-06,95.41110322748163
2003-11-07,96.34918519441425
2003-11-10,96.13480825735667
2003-11-11,95.83996280043135
2003-11-12,95.94720771880503
2003-11-13,95.84003468778315
2003-11-14,95.46482095198047
2003-11-17,95.81326754845519
2003-11-18,95.14324536848883
2003-11-19,95.59888637055853
2003-11-20,94.47320948354519
2003-11-21,96.26886177619893
2003-11-24,96.34924627578205
2003-11-25,96.48326807735165
2003-11-26,96.26888225568379
2003-11-28,96.4832730564672
2003-12-01,95.8132932083631
2003-12-02,97.31142986096907
2003-12-03,95.97407888038978
2003-12-04,95.97407888038978
2003-12-05,96.48331734292914
2003-12-08,96.48331734292914
2003-12-09,96.40294673958248
2003-12-10,97.28734737297141
2003-12-11,99.19019060023938
2003-12-12,99.13662789731524
2003-12-15,97.15339965622944
2003-12-16,97.18021399453455
2003-12-17,98.19866263719727
2003-12-18,98.65430443183385
2003-12-19,97.42142158934922
2003-12-22,97.47500337122335
2003-12-23,99.1634653796197
2003-12-24,99.77986548041942
2003-12-26,99.08300289990416
2003-12-29,101.30751539800991
2003-12-30,101.97756330485234
2003-12-31,101.20029031734276
2004-01-02,101.8435193625998
2004-01-05,103.93395944103654
2004-01-06,104.28234607308289
2004-01-07,104.52355113954994
2004-01-08,103.71955598418452
2004-01-09,103.18353331885827
2004-01-12,103.50515639221314
2004-01-13,103.71961907625783
2004-01-14,104.30926511070633
2004-01-15,104.4433025163736
2004-01-16,103.74645680198435
2004-01-20,98.97588347885872
2004-01-21,102.24832311432023
2004-01-22,104.55054635756225
2004-01-23,107.3646288633224
2004-01-26,111.73587236286369
2004-01-27,110.60756352374348
2004-01-28,111.73321669772463
2004-01-29,107.47182354609009
2004-01-30,112.83198074545135
2004-02-02,115.17437266572692
2004-02-03,109.96158055887614
2004-02-04,107.5789330313264
2004-02-05,112.59071278445678
2004-02-06,118.7281451290503
2004-02-09,116.34289669340767
2004-02-10,114.8688321923022
2004-02-11,123.44516894144387
2004-02-12,120.657900471915
2004-02-13,115.8337562952469
2004-02-17,125.8277769546445
2004-02-18,119.96105685413421
2004-02-19,122.3731138243003
2004-02-20,119.4250231391591
2004-02-23,121.32794145785844
2004-02-24,125.96448874067052
2004-02-25,123.55239474577543
2004-02-26,125.58927952555429
2004-02-27,126.66130961558443
2004-03-01,126.63445741794591
2004-03-02,126.74171680337892
2004-03-03,126.60775080871775
2004-03-04,125.93774259143802
2004-03-05,127.3045449117829
2004-03-08,128.64455255152433
2004-03-09,128.51050492776565
2004-03-10,126.84886409904965
2004-03-11,123.17709687883855
2004-03-12,126.5272675597492
2004-03-15,120.44345695367379
2004-03-16,119.18385928085229
2004-03-17,123.25756359107183
2004-03-18,122.98960164782484
2004-03-19,120.28272350515788
2004-03-22,119.9075616905453
2004-03-23,119.71990635649958
2004-03-24,121.00641647020652
2004-03-25,120.22919225721839
2004-03-26,114.84220306894144
2004-03-29,120.60441060792559
2004-03-30,120.41675014501965
2004-03-31,121.08674894282653
2004-04-01,119.80032332205793
2004-04-02,117.92425025883452
2004-04-05,120.0415801722319
2004-04-06,119.88072445480111
2004-04-07,118.32623110079571
2004-04-08,118.83538887322243
2004-04-12,117.65618530943343
2004-04-13,114.76172549463605
2004-04-14,112.2960698223838
2004-04-15,111.22397924378951
2004-04-16,109.32115940688675
2004-04-19,108.27593980179749
2004-04-20,105.30105835574311
2004-04-21,116.31628616716233
2004-04-22,108.54403192547254
2004-04-23,106.80200875710064
2004-04-26,107.20401151806236
2004-04-27,111.14375894135115
2004-04-28,106.74835670649755
2004-04-29,105.11350562353755
2004-04-30,101.06653054352572
2004-05-03,100.10164837642668
2004-05-04,102.59417942099971
2004-05-05,103.9342645925968
2004-05-06,102.32619365082014
2004-05-07,101.1737960579246
2004-05-10,99.726504905316
2004-05-11,100.58415284750173
2004-05-12,109.50888414550771
2004-05-13,105.1403557391751
2004-05-14,102.19222016424865
2004-05-17,102.75499272069315
2004-05-18,102.88898523120093
2004-05-19,104.09504991608107
2004-05-20,104.22902024532307
2004-05-21,104.95268233288633
2004-05-24,103.71980317352192
2004-05-25,105.89065865394373
2004-05-26,106.98948601879572
2004-05-27,106.13185829886905
2004-05-28,105.94421717339665
2004-06-01,105.86380551256204
2004-06-02,107.55222734668189
2004-06-03,104.12174150323213
2004-06-04,104.04135951879164
2004-06-07,105.8638520134823
2004-06-08,105.62269415859559
2004-06-09,101.62931133784743
2004-06-10,101.76336039950205
2004-06-14,99.35126346795265
2004-06-15,100.23568841534436
2004-06-16,101.7365173779873
2004-06-17,103.13020592954834
2004-06-18,101.84375974078316
2004-06-21,102.24573706048001
2004-06-22,104.20220923913229
2004-06-23,103.98776109251816
2004-06-24,104.73824076432285
2004-06-25,105.00626592243876
2004-06-28,105.24746531526259
2004-06-29,108.91923363771615
2004-06-30,109.42843105497246
2004-07-01,107.31110034248981
2004-07-02,108.73157737772334
2004-07-06,109.26762405419552
2004-07-07,107.47191992048889
2004-07-08,106.58753349146319
2004-07-09,105.72993019699088
2004-07-12,105.54236530082142
2004-07-13,106.21234823575102
2004-07-14,106.18558272399561
2004-07-15,105.59593418312927
2004-07-16,104.68474686706305
2004-07-19,106.77519657725144
2004-07-20,107.07000289500124
2004-07-21,106.64118753340675
2004-07-22,106.53401313993568
2004-07-23,105.64956776284792
2004-07-26,102.56745292250235
2004-07-27,101.54906068243483
2004-07-28,100.0749745175686
2004-07-29,98.81533081331597
2004-07-30,98.44012900221782
2004-08-02,101.03983436903738
2004-08-03,99.5925397815353
2004-08-04,99.88733369928863
2004-08-05,99.69974528660137
2004-08-06,98.49367746786936
2004-08-09,99.99452412512476
2004-08-10,101.03976688580468
2004-08-11,103.18383073912148
2004-08-12,102.64779073843174
2004-08-13,103.58578625019955
2004-08-16,106.9359577491035
2004-08-17,105.14028914658054
2004-08-18,108.73167114324943
2004-08-19,110.7953982615483
2004-08-20,113.71674052751055
2004-08-23,111.70668342194628
2004-08-24,112.1623349836244
2004-08-25,112.40359616617418
2004-08-26,113.90440898218495
2004-08-27,115.24449435386035
2004-08-30,114.27966744712982
2004-08-31,115.19093351535324
2004-09-01,111.11720615158276
2004-09-02,117.65667596801569
2004-09-03,117.22781738411229
2004-09-07,117.22781738411229
2004-09-08,114.84246575598036
2004-09-09,116.66490084506201
2004-09-10,117.84414966280389
2004-09-13,116.93286085346142
2004-09-14,116.55762330298265
2004-09-15,114.27950455552585
2004-09-16,115.43189907946376
2004-09-17,114.17230619670865
2004-09-20,114.78872247786468
2004-09-21,116.02155335727696
2004-09-22,110.01813410035801
2004-09-23,109.8572875883033
2004-09-24,109.48201509390165
2004-09-27,108.08841852377138
2004-09-28,112.40341627965887
2004-09-29,115.3247810687672
2004-09-30,114.92275888196147
2004-10-01,119.9345403968038
2004-10-04,119.3716875987216
2004-10-05,119.07683953035277
2004-10-06,121.08685658162513
2004-10-07,119.63962647176155
2004-10-08,117.25437123879405
2004-10-11,113.01984687587624
2004-10-12,116.50402271536575
2004-10-13,116.07517140775049
2004-10-14,115.16398131219964
2004-10-15,116.31642727319084
2004-10-18,115.4319571602055
2004-10-19,115.59275387652967
2004-10-20,115.99478547451226
2004-10-21,116.02158026995687
2004-10-22,115.91437632978742
2004-10-25,116.04837334882464
2004-10-26,116.07518052306824
2004-10-27,117.12043752367846
2004-10-28,116.58437728113257
2004-10-29,118.54089630066456
2004-11-01,120.41692452551887
2004-11-02,118.75529138399122
2004-11-03,121.91786354883831
2004-11-04,126.9564850135847
2004-11-05,125.48239326609198
2004-11-08,122.58789090062304
2004-11-09,119.85418093353914
2004-11-10,123.23107248134161
2004-11-11,121.6230302165326
2004-11-12,122.4807158256196
2004-11-15,123.55278953124125
2004-11-16,122.48072197647866
2004-11-17,124.43722902933092
2004-11-18,125.42886930746565
2004-11-19,123.09714662703988
2004-11-22,125.69683526665634
2004-11-23,125.61638929208569
2004-11-24,126.23278891434195
2004-11-26,127.68004783924489
2004-11-29,127.86760982952075
2004-11-30,126.25954676830469
2004-12-01,126.4471684548024
2004-12-02,126.04519290628457
2004-12-03,127.03679043887831
2004-12-06,126.15236030384283
2004-12-07,120.81901696727726
2004-12-08,121.91786592659466
2004-12-09,124.06191351677977
2004-12-10,125.69680141310387
2004-12-13,126.29976896948253
2004-12-14,126.00422751009393
2004-12-15,127.07916957498256
2004-12-16,126.54175176684996
2004-12-17,128.04658627886133
2004-12-20,126.59005635993928
2004-12-21,128.18091359821463
2004-12-22,130.92193425459885
2004-12-23,129.04084790322878
2004-12-27,126.94483741073662
2004-12-28,131.83564116166008
2004-12-29,131.24449014669116
2004-12-30,131.00260655135082
2004-12-31,131.75508552338178
2005-01-03,127.7510484743262
2005-01-04,126.97176707863281
2005-01-05,125.81619702645015
2005-01-06,126.51485436853802
2005-01-07,125.3862153527163
2005-01-10,126.08486734466163
2005-01-11,121.81222944495309
2005-01-12,121.35543358453452
2005-01-13,117.16333148679036
2005-01-14,119.68937291364557
2005-01-18,120.38799978334252
2005-01-19,117.9157118197918
2005-01-20,116.1152568160154
2005-01-21,126.67605553868881
2005-01-24,127.50907727991122
2005-01-25,126.35359002160065
2005-01-26,128.58398359266195
2005-01-27,126.97166902239357
2005-01-28,124.55311267085501
2005-01-31,129.65879386545868
2005-02-01,131.00244794628642
2005-02-02,130.76061742737758
2005-02-03,131.08307310995352
2005-02-04,131.59364167971677
2005-02-07,132.18476031814205
2005-02-08,132.26539302193612
2005-02-09,130.30376497802777
2005-02-10,126.6759778572745
2005-02-11,127.6434023001705
2005-02-14,127.91209166201237
2005-02-15,128.7989061935051
2005-02-16,128.4763937323966
2005-02-17,127.15963917303326
2005-02-18,123.88120935587412
2005-02-22,121.00592648672429
2005-02-23,121.30154396513136
2005-02-24,121.0328610452486
2005-02-25,122.69899941039748
2005-02-28,126.86426234338224
2005-03-01,128.79906920838116
2005-03-02,129.5515133706965
2005-03-03,132.0506916151306
2005-03-04,132.02388532473273
2005-03-07,131.9969524521265
2005-03-08,129.82032270619092
2005-03-09,127.93922623017822
2005-03-10,126.3806705762422
2005-03-11,126.98527570427893
2005-03-14,127.82045786258598
2005-03-15,126.98515117045397
2005-03-16,127.68572824946138
2005-03-17,127.28160291955183
2005-03-18,124.53333854931286
2005-03-21,124.93744923290538
2005-03-22,124.85661470325168
2005-03-23,124.29076452541653
2005-03-24,124.96429617837977
2005-03-28,126.23068435585148
2005-03-29,123.15911311342055
2005-03-30,125.93425740920524
2005-03-31,126.17680678897538
2005-04-01,122.97052795166073
2005-04-04,122.37781000693373
2005-04-05,121.78501189526015
2005-04-06,121.67723215973284
2005-04-07,124.26384676098444
2005-04-08,123.94051223171236
2005-04-11,122.24302297618682
2005-04-12,125.34151687956424
2005-04-13,122.72802091110844
2005-04-14,122.75502107570891
2005-04-15,123.80580405611697
2005-04-18,128.68263848369148
2005-04-19,129.5448121615322
2005-04-20,128.52088996620745
2005-04-21,133.2899146301835
2005-04-22,128.9250697957889
2005-04-25,128.17060028734394
2005-04-26,128.14368446128358
2005-04-27,129.30223151249805
2005-04-28,129.32912637665265
2005-04-29,131.88880844589937
2005-05-02,134.25990544413975
2005-05-03,137.87028856143812
2005-05-04,140.0527752293657
2005-05-05,140.5916983084483
2005-05-06,140.052810328832
2005-05-09,141.45389864336164
2005-05-10,141.85803243178572
2005-05-11,138.9480986125125
2005-05-12,132.83188120778692
2005-05-13,130.89200441462842
2005-05-16,129.76031214445953
2005-05-17,130.38004739526147
2005-05-18,130.0297162079104
2005-05-19,130.2183893261281
2005-05-20,132.93969322626552
2005-05-23,133.42465722715494
2005-05-24,132.29308270921143
2005-05-25,130.9727977437735
2005-05-26,131.75418145511284
2005-05-27,130.67643225081002
2005-05-31,132.9935867474814
2005-06-01,137.41229866716648
2005-06-02,137.60096575323652
2005-06-03,134.5832389733023
2005-06-06,135.39154590657594
2005-06-07,135.04128797731562
2005-06-08,134.98740650341267
2005-06-09,135.47241625497944
2005-06-10,134.61026979793274
2005-06-13,135.43206549504913
2005-06-14,138.56528633027708
2005-06-15,137.83601722832083
2005-06-16,138.9704076501099
2005-06-17,139.1054868863458
2005-06-20,137.94395607084482
2005-06-21,137.83594595324132
2005-06-22,141.698522666689
2005-06-23,138.91641387265122
2005-06-24,138.13306421482335
2005-06-27,138.8353327132915
2005-06-28,140.75306516406022
2005-06-29,139.21350813729572
2005-06-30,141.40138763118148
2005-07-01,139.79421945936548
2005-07-05,144.83170415758372
2005-07-06,144.72365970628215
2005-07-07,146.31735664696774
2005-07-08,151.36837811577772
2005-07-11,150.20692855049532
2005-07-12,150.09892976886752
2005-07-13,147.8840699611981
2005-07-14,143.04914817788668
2005-07-15,145.42605282401044
2005-07-18,146.02026367584935
2005-07-19,145.20999723271206
2005-07-20,146.2634957626354
2005-07-21,147.20879673574933
2005-07-22,155.09594964725727
2005-07-25,156.23047651892696
2005-07-26,155.63617578624894
2005-07-27,153.20513872046774
2005-07-28,155.39306130653475
2005-07-29,158.93151670554585
2005-08-01,156.85173887793707
2005-08-02,159.06664228263242
2005-08-03,155.1230620871614
2005-08-04,151.01742000290048
2005-08-05,152.25984031726435
2005-08-08,151.476463438832
2005-08-09,154.50159989016893
2005-08-10,152.50281269238982
2005-08-11,153.4211846304234
2005-08-12,151.15223873092407
2005-08-15,150.85507342957905
2005-08-16,149.99067385882756
2005-08-17,146.67917976137238
2005-08-18,149.3694225973757
2005-08-19,148.20792596725852
2005-08-22,146.91140303089693
2005-08-23,149.66643257193536
2005-08-24,147.0194320454681
2005-08-25,146.18215637996917
2005-08-26,146.47934470388964
2005-08-29,148.126944373119
2005-08-30,149.12635686680443
2005-08-31,161.95644297983995
2005-09-01,157.12155728756278
2005-09-02,157.98588297420167
2005-09-06,159.41739305983089
2005-09-07,159.63340362742696
2005-09-08,156.0949696026214
2005-09-09,159.74134809253866
2005-09-12,158.82299508235465
2005-09-13,156.02739272291504
2005-09-14,152.12936037051844
2005-09-15,151.61501100310574
2005-09-16,151.58787191613618
2005-09-19,153.50985454416087
2005-09-20,156.16265834053854
2005-09-21,152.1022730610262
2005-09-22,150.26153135244166
2005-09-23,149.28708532162108
2005-09-26,151.66911005501288
2005-09-27,151.42552946426454
2005-09-28,150.69459843354053
2005-09-29,155.32348441362362
2005-09-30,156.46045231953133
2005-10-03,153.10390623592045
2005-10-04,152.07520108992128
2005-10-05,150.50517671386893
2005-10-06,150.28859976457767
2005-10-07,149.124614559401
2005-10-10,148.47487861376572
2005-10-11,149.31405862769074
2005-10-12,148.5831663107082
2005-10-13,151.96685075710195
2005-10-14,149.12461474739186
2005-10-17,148.04182091971106
2005-10-18,144.68526871399845
2005-10-19,151.07355738352766
2005-10-20,148.23125947491397
2005-10-21,148.36659461481455
2005-10-24,148.44775114206885
2005-10-25,147.28377232536388
2005-10-26,146.9048111791707
2005-10-27,146.14692925829738
2005-10-28,148.47490369445282
2005-10-31,152.69767843042675
2005-11-01,147.202547076751
2005-11-02,149.9907105209317
2005-11-03,149.6658306419434
2005-11-04,148.55605850773338
2005-11-07,150.64044856465537
2005-11-08,150.58636864362066
2005-11-09,151.3173148770168
2005-11-10,151.61510735269476
2005-11-11,151.26320868852915
2005-11-14,150.6135332072119
2005-11-15,149.287079820256
2005-11-16,150.3698590101923
2005-11-17,153.7264150030178
2005-11-18,155.07982236070438
2005-11-21,159.6003991825189
2005-11-22,158.9777980253079
2005-11-23,164.5541032688436
2005-11-25,164.7436695958093
2005-11-28,164.5000137084771
2005-11-29,167.47762845661424
2005-11-30,164.41881705048266
2005-12-01,169.58913117145215
2005-12-02,171.83584798121154
2005-12-05,172.16061773389603
2005-12-06,172.64783228208296
2005-12-07,168.9935682640004
2005-12-08,166.61143492575104
2005-12-09,166.6655836421019
2005-12-12,167.09874749398773
2005-12-13,169.18313727022775
2005-12-14,168.17920453366622
2005-12-15,161.5855706407193
2005-12-16,162.04689744489858
2005-12-19,158.51946058131801
2005-12-20,156.72866623513087
2005-12-21,159.17081231240667
2005-12-22,164.8419091842854
2005-12-23,161.26022418152925
2005-12-27,160.55471070073506
2005-12-28,161.3687230839878
2005-12-29,162.72551130767795
2005-12-30,161.20598048308685
2006-01-03,165.33043549374662
2006-01-04,166.7957591435277
2006-01-05,172.49400266314802
2006-01-06,170.4045828088893
2006-01-09,167.47413519832483
2006-01-10,167.69118167754186
2006-01-11,167.47418928845113
2006-01-12,165.41191212155312
2006-01-13,166.334414355455
2006-01-17,168.88498626518157
2006-01-18,168.28797783873415
2006-01-19,170.6216272274239
2006-01-20,166.49719063245536
2006-01-23,166.55146871660156
2006-01-24,166.8770768379425
2006-01-25,165.4661311532777
2006-01-26,162.96974363256822
2006-01-27,164.70634922071685
2006-01-30,164.43507786355033
2006-01-31,164.32655071216038
2006-02-01,164.16370310040463
2006-02-02,160.14776643145944
2006-02-03,159.60502565102323
2006-02-06,168.01668931790908
2006-02-07,168.77646078700465
2006-02-08,171.4357027031647
2006-02-09,169.69905903478164
2006-02-10,174.9631238460406
2006-02-13,174.47462680426244
2006-02-14,178.16493963579939
2006-02-15,179.08747769323352
2006-02-16,183.8089399551379
2006-02-17,184.51439866668574
2006-02-21,184.13448351983104
2006-02-22,184.51435295933243
2006-02-23,186.4137437086958
2006-02-24,185.925339700179
2006-02-27,186.14250049694883
2006-02-28,184.24310242187795
2006-03-01,185.59986862811266
2006-03-02,184.51448059637548
2006-03-03,183.97182350894155
2006-03-06,183.80900844513613
2006-03-07,181.04121239596927
2006-03-08,180.2813824275434
2006-03-09,178.2734083900654
2006-03-10,175.0172445858209
2006-03-13,176.07539884658678
2006-03-14,175.53150193954966
2006-03-15,189.8917341132242
2006-03-16,186.7911818786235
2006-03-17,182.98363042720962
2006-03-20,182.22205255737157
2006-03-21,179.7742637253684
2006-03-22,180.69902253797173
2006-03-23,179.77438563964492
2006-03-24,179.77438563964492
2006-03-27,181.0254355893112
2006-03-28,180.15506529499777
2006-03-29,182.00453719531626
2006-03-30,182.05895655193768
2006-03-31,182.71163791117635
2006-04-03,181.46061132639852
2006-04-04,179.8287360487402
2006-04-05,181.13411284371801
2006-04-06,179.2847335515836
2006-04-07,171.66943520924656
2006-04-10,175.85782608948173
2006-04-11,173.30120501379284
2006-04-12,173.89961407470545
2006-04-13,172.15905283743172
2006-04-17,174.9876260755507
2006-04-18,179.50230682829994
2006-04-19,180.0461988179897
2006-04-20,176.78250137201601
2006-04-21,179.55657238354567
2006-04-24,180.20926052415987
2006-04-25,176.61913163599755
2006-04-26,181.7322554968597
2006-04-27,183.58174466105126
2006-04-28,186.30150820820472
2006-05-01,186.02950800622077
2006-05-02,187.55253158826767
2006-05-03,188.36838510067665
2006-05-04,189.89134349421562
2006-05-05,189.78253575439342
2006-05-08,189.78253575439342
2006-05-09,189.61932277364465
2006-05-10,192.12153935696566
2006-05-11,184.23437380174414
2006-05-12,179.39324716135573
2006-05-15,178.41411881834907
2006-05-16,182.98330440128697
2006-05-17,180.31796958937784
2006-05-18,175.803168266799
2006-05-19,177.87008611611176
2006-05-22,178.3595845931033
2006-05-23,174.49756450790883
2006-05-24,175.25907187942136
2006-05-25,174.49757121210524
2006-05-26,174.76961292562493
2006-05-30,170.79884731995475
2006-05-31,175.96636644561994
2006-06-01,176.23841044814486
2006-06-02,177.59826602316278
2006-06-05,174.93287124668717
2006-06-06,174.87846712372945
2006-06-07,175.6400628480533
2006-06-08,173.19234293220282
2006-06-09,174.17139924679856
2006-06-12,167.69849336519053
2006-06-13,165.06042836606272
2006-06-14,166.31455750078806
2006-06-15,166.47821102536886
2006-06-16,163.2610195973036
2006-06-19,165.33312845803258
2006-06-20,167.13261422816979
2006-06-21,171.54942782437763
2006-06-22,173.89416540388123
2006-06-23,173.40343606911148
2006-06-26,179.18349280360317
2006-06-27,176.18431950105645
2006-06-28,177.0021671121804
2006-06-29,183.43654989104238
2006-06-30,180.32840098968856
2006-07-03,181.7461428782695
2006-07-05,178.03815807126705
2006-07-06,179.23777918035125
2006-07-07,176.62036989098056
2006-07-10,180.00123701143372
2006-07-11,179.94669663661927
2006-07-12,175.6389526658352
2006-07-13,168.98645169466403
2006-07-14,168.16855726846185
2006-07-17,163.04277964291913
2006-07-18,167.3505329238647
2006-07-19,173.02154043305572
2006-07-20,167.07790447609938
2006-07-21,164.1877908844718
2006-07-24,166.80527264675206
2006-07-25,161.24331763561875
2006-07-26,161.84314277722325
2006-07-27,161.8976839163392
2006-07-28,168.6593406851051
2006-07-31,164.078890310779
2006-08-01,167.02345007629623
2006-08-02,165.55113836387366
2006-08-03,170.34963810935054
2006-08-04,167.89575157238536
2006-08-07,165.5509195059254
2006-08-08,161.67934570235983
2006-08-09,160.15260764089246
2006-08-10,167.0777665478923
2006-08-11,161.73395126262452
2006-08-14,162.82452329598837
2006-08-15,168.22297036586687
2006-08-16,167.2958935761806
2006-08-17,164.67854932118124
2006-08-18,166.0962669522873
2006-08-21,163.42427630582583
2006-08-22,166.15068350743593
2006-08-23,165.93252765999065
2006-08-24,165.06005442955444
2006-08-25,166.1506062091705
2006-08-28,173.4029140195946
2006-08-29,178.85591545676877
2006-08-30,175.80230841217536
2006-08-31,172.6941235994481
2006-09-01,177.7652865389459
2006-09-05,179.83731871884382
2006-09-06,177.54709046495933
2006-09-07,178.03783062300445
2006-09-08,177.76525470432065
2006-09-11,180.1645523470649
2006-09-12,183.70892958538872
2006-09-13,181.06425583507746
2006-09-14,175.87223829900663
2006-09-15,180.08050921702525
2006-09-18,184.2888106369179
2006-09-19,177.4024906498482
2006-09-20,182.97700911353837
2006-09-21,182.59440418748196
2006-09-22,176.3639179277967
2006-09-25,183.0862050235326
2006-09-26,176.36401191988858
2006-09-27,174.9977199195452
2006-09-28,175.1616927831098
2006-09-29,169.96972504732565
2006-10-02,172.15587565088435
2006-10-03,170.84422003430026
2006-10-04,173.74088378498183
2006-10-05,175.92706532564827
2006-10-06,174.77931715146374
2006-10-09,179.42477662203248
2006-10-10,178.27699632598134
2006-10-11,177.94914492973783
2006-10-12,182.70394608226044
2006-10-13,186.69365215285882
2006-10-16,181.77483449958746
2006-10-17,185.27254586502852
2006-10-18,187.89581984193146
2006-10-19,191.72156662973305
2006-10-20,191.12032779678216
2006-10-23,188.38768934994377
2006-10-24,188.77030474701348
2006-10-25,190.35522022566943
2006-10-26,191.01099395934688
2006-10-27,187.67708807078043
2006-10-30,184.99912370109848
2006-10-31,182.5945050912316
2006-11-01,178.49562364094365
2006-11-02,175.8722734602927
2006-11-03,185.16325392265304
2006-11-06,185.98297164776864
2006-11-07,188.33305247750985
2006-11-08,192.81462579426466
2006-11-09,192.21342979103815
2006-11-10,195.98446507010854
2006-11-13,202.26949088044185
2006-11-14,209.5928600672591
2006-11-15,214.78489439684523
2006-11-16,212.98134563859492
2006-11-17,209.70207185979748
2006-11-20,212.27071253800813
2006-11-21,212.98118261287286
2006-11-22,212.70792775558053
2006-11-24,212.54392994328094
2006-11-27,199.48204272861662
2006-11-28,208.9915511875325
2006-11-29,209.48351729902797
2006-11-30,209.21014130895273
2006-12-01,208.17183137763638
2006-12-04,220.63258086023893
2006-12-05,215.71379810254075
2006-12-06,220.46856164031692
2006-12-07,221.45229236235602
2006-12-08,223.85704280511882
2006-12-11,224.8955156266918
2006-12-12,226.20710627382667
2006-12-13,226.56225143067658
2006-12-14,227.82193754863115
2006-12-15,227.05531672878
2006-12-18,227.27442510942328
2006-12-19,227.27442510942328
2006-12-20,228.47920683692834
2006-12-21,227.71243061878363
2006-12-22,224.4811912283031
2006-12-26,228.47897676288792
2006-12-27,230.83390957638304
2006-12-28,228.04081927050882
2006-12-29,226.7263919882336
2007-01-03,224.64527043617358
2007-01-04,229.4097719768544
2007-01-05,217.1971427656665
2007-01-08,221.35929161248498
2007-01-09,222.01650734928245
2007-01-10,227.4929885360672
2007-01-11,226.7809354819493
2007-01-12,231.2716515663629
2007-01-16,228.42377244897472
2007-01-17,226.06895177879824
2007-01-18,234.0645584653108
2007-01-19,234.17410067867252
2007-01-22,232.91447819112193
2007-01-23,229.1904085993241
2007-01-24,231.1071279864402
2007-01-25,229.68327697091573
2007-01-26,227.43789325524804
2007-01-29,228.0403762344812
2007-01-30,228.20456530537004
2007-01-31,226.0687987786771
2007-02-01,227.65693209009729
2007-02-02,224.42579725294257
2007-02-05,225.6307393583936
2007-02-06,226.45226088039752
2007-02-07,227.1642267886055
2007-02-08,226.28805436588186
2007-02-09,224.15212142072232
2007-02-12,225.24732868598397
2007-02-13,227.05448800403158
2007-02-14,226.78066029149875
2007-02-15,225.9043798201324
2007-02-16,228.75213043214495
2007-02-20,227.0543321200776
2007-02-21,222.28982401486988
2007-02-22,226.9447952195653
2007-02-23,221.30408233438303
2007-02-26,219.11339322335496
2007-02-27,205.2031985679635
2007-02-28,217.36087247351966
2007-03-01,212.70587202862677
2007-03-02,207.72238615286807
2007-03-05,207.99616425781753
2007-03-06,213.96544617585263
2007-03-07,211.06300489847717
2007-03-08,208.21534283638692
2007-03-09,208.32486410671888
2007-03-12,208.8177607351954
2007-03-13,206.49027797404094
2007-03-14,212.3085545365155
2007-03-15,211.86950044573396
2007-03-16,210.11310228703883
2007-03-19,211.1010540939925
2007-03-20,214.12001026859068
2007-03-21,214.83367226281587
2007-03-22,218.18185504503188
2007-03-23,214.01043615842593
2007-03-26,213.51650007177227
2007-03-27,213.1872576286616
2007-03-28,210.71727006177593
2007-03-29,213.5166489945466
2007-03-30,216.7550560098469
2007-04-02,216.70021698067643
2007-04-03,220.15810234303711
2007-04-04,215.05351658211146
2007-04-05,216.31588072444842
2007-04-09,215.38269401500312
2007-04-10,215.65709156717824
2007-04-11,212.747877401937
2007-04-12,215.76676978227044
2007-04-13,218.40149780808176
2007-04-16,224.60388194433347
2007-04-17,218.1820077517811
2007-04-18,217.13909775472757
2007-04-19,213.29682141995767
2007-04-20,215.10813802745594
2007-04-23,215.0532854522589
2007-04-24,218.3466114656748
2007-04-25,219.11497319142254
2007-04-26,221.085474145333
2007-04-27,217.79771205931775
2007-04-30,213.90065759744036
2007-05-01,219.33458990304572
2007-05-02,226.08592791485137
2007-05-03,222.13394589489974
2007-05-04,218.78572092842592
2007-05-07,218.78572092842592
2007-05-08,216.91947872890643
2007-05-09,216.86459810078804
2007-05-10,205.61236156373056
2007-05-11,210.27791165997317
2007-05-14,210.0034989852569
2007-05-15,205.5027039950049
2007-05-16,211.15628888461148
2007-05-17,207.2591884169571
2007-05-18,210.16827838557748
2007-05-21,216.8098061508401
2007-05-22,218.73095784314268
2007-05-23,217.35863981363482
2007-05-24,216.53528528602075
2007-05-25,216.69985210283812
2007-05-29,214.06521530097183
2007-05-30,212.52844112032616
2007-05-31,215.87661418173576
2007-06-01,219.77361882094448
2007-06-04,218.67584959493385
2007-06-05,209.39962005511674
2007-06-06,209.23503195375343
2007-06-07,207.69820064405312
2007-06-08,213.02233631936275
2007-06-11,215.16299777703605
2007-06-12,210.16820394663995
2007-06-13,214.8061958713344
2007-06-14,214.8061958713344
2007-06-15,218.93176366923925
2007-06-18,215.85139375441304
2007-06-19,215.5763990787699
2007-06-20,207.6002878892545
2007-06-21,207.27020343151057
2007-06-22,207.1052163495791
2007-06-25,208.92049357088317
2007-06-26,208.9754396606923
2007-06-27,209.4155419366177
2007-06-28,209.5805613836638
2007-06-29,207.60023465914952
2007-07-02,207.16012216167212
2007-07-03,205.61988665340007
2007-07-05,208.5902715359951
2007-07-06,208.26028172642518
2007-07-09,205.5649771603218
2007-07-10,195.1685284404385
2007-07-11,205.07001339380724
2007-07-12,208.3154514257776
2007-07-13,208.20546086742482
2007-07-16,204.35490907414265
2007-07-17,209.74579157551855
2007-07-18,208.59051175552062
2007-07-19,211.23085045332198
2007-07-20,202.37457458636553
2007-07-23,205.6200556390071
2007-07-24,197.75385479048128
2007-07-25,201.10934219856617
2007-07-26,196.3235431822669
2007-07-27,188.9523794299455
2007-07-30,190.21760456260844
2007-07-31,189.5025765870576
2007-08-01,189.06255160422245
2007-08-02,189.61272362939073
2007-08-03,188.40261522718797
2007-08-06,192.47324213178658
2007-08-07,191.48315977426068
2007-08-08,195.00376914987027
2007-08-09,187.74260880180566
2007-08-10,204.4650307103913
2007-08-13,198.68909805785347
2007-08-14,200.7244691783581
2007-08-15,197.7539477589876
2007-08-16,202.15456635846837
2007-08-17,216.89668811015966
2007-08-20,206.11518753757986
2007-08-21,201.21953960318723
2007-08-22,203.08987522379886
2007-08-23,196.48884500939974
2007-08-24,202.64975274466948
2007-08-27,204.4099684970097
2007-08-28,197.31387644063597
2007-08-29,205.95010749856618
2007-08-30,203.1446551342207
2007-08-31,206.555047604614
2007-09-04,202.42952363880704
2007-09-05,197.25886631650098
2007-09-06,198.96416921580712
2007-09-07,192.80324371603965
2007-09-10,190.76801267537314
2007-09-11,195.11370800411814
2007-09-12,192.41821212804123
2007-09-13,192.115730698576
2007-09-14,192.99792613394382
2007-09-17,187.59398420219338
2007-09-18,193.54934282467624
2007-09-19,194.65218698009124
2007-09-20,193.9905641965459
2007-09-21,192.72225388782888
2007-09-24,191.06792606045576
2007-09-25,189.08273030868764
2007-09-26,190.40612033811811
2007-09-27,192.17061385529144
2007-09-28,192.00515495676203
2007-10-01,198.8428425350822
2007-10-02,202.15138859202344
2007-10-03,200.0558872978785
2007-10-04,204.02619643719223
2007-10-05,212.8489012497257
2007-10-08,207.11411330335434
2007-10-09,209.4851556724511
2007-10-10,207.66535812512453
2007-10-11,201.32408874941575
2007-10-12,202.42694210758503
2007-10-15,195.75474766877693
2007-10-16,194.9826909439713
2007-10-17,194.65180531743937
2007-10-18,193.6041893012209
2007-10-19,187.26287768484875
2007-10-22,194.10059440063333
2007-10-23,195.36884768444705
2007-10-24,193.71465965110286
2007-10-25,195.0931331691801
2007-10-26,199.8904733138102
2007-10-29,197.13338401539283
2007-10-30,195.47904065673563
2007-10-31,196.41636265668473
2007-11-01,191.8946615719652
2007-11-02,191.06759558059002
2007-11-05,190.07499942154885
2007-11-06,191.56385689201787
2007-11-07,186.49086283380345
2007-11-08,190.90230419413706
2007-11-09,181.96922177167664
2007-11-12,183.40295727001566
2007-11-13,183.07209833510055
2007-11-14,181.5280682577423
2007-11-15,179.26731769566038
2007-11-16,181.36277337220497
2007-11-19,176.95148663547283
2007-11-20,180.59084786110458
2007-11-21,176.8963202955621
2007-11-23,181.36277548670478
2007-11-26,177.11689154978555
2007-11-27,177.11689154978555
2007-11-28,184.3956873249155
2007-11-29,180.31519516010246
2007-11-30,178.5506306602657
2007-12-03,175.297259619005
2007-12-04,170.61016149131203
2007-12-05,180.20493575326046
2007-12-06,185.66406407696974
2007-12-07,180.03955691982202
2007-12-10,177.9993486608066
2007-12-11,176.29002091561688
2007-12-12,180.93579183680615
2007-12-13,183.75603802416643
2007-12-14,179.71928538085155
2007-12-17,165.83938525160298
2007-12-18,164.4569481361456
2007-12-19,162.07906512304507
2007-12-20,164.4569270874653
2007-12-21,174.35526061500565
2007-12-24,176.9542001297329
2007-12-26,175.18465812843556
2007-12-27,166.55821519287514
2007-12-28,169.488973547409
2007-12-31,172.972819398676
2008-01-02,167.71946190071878
2008-01-03,161.41539048625646
2008-01-04,157.0468443581364
2008-01-07,159.2586921140764
2008-01-08,154.33712075167512
2008-01-09,158.87154535935932
2008-01-10,159.31400261318515
2008-01-11,153.39708055613147
2008-01-14,151.90406677107862
2008-01-15,150.74276018061374
2008-01-16,150.02386795731238
2008-01-17,152.0698934685142
2008-01-18,151.79343040218845
2008-01-22,151.0745367158037
2008-01-23,158.92693791068103
2008-01-24,150.57691659285385
2008-01-25,140.67859240370598
2008-01-28,140.95502583777926
2008-01-29,141.3420883387298
2008-01-30,135.81222047456532
2008-01-31,138.3007077903208
2008-02-01,140.8444727087082
2008-02-04,142.39277599719503
2008-02-05,141.28681130602482
2008-02-06,141.23156816280417
2008-02-07,144.88127434726732
2008-02-08,142.50348287268
2008-02-11,143.056396386226
2008-02-12,143.83061760346826
2008-02-13,146.48486782072266
2008-02-14,143.0010182093424
2008-02-15,146.04236386461872
2008-02-19,149.47085439870452
2008-02-20,147.36959312756753
2008-02-21,143.7199851537633
2008-02-22,142.89057711944093
2008-02-25,147.14857342702314
2008-02-26,143.16702732723473
2008-02-27,143.00109674256248
2008-02-28,140.4020518092664
2008-02-29,136.31003400928532
2008-03-03,142.66930602592052
2008-03-04,139.79380616296808
2008-03-05,140.1255368649928
2008-03-06,135.92289176333793
2008-03-07,135.6464246014913
2008-03-10,134.8169467150532
2008-03-11,140.2361835221582
2008-03-12,137.1394881176219
2008-03-13,141.68771924104283
2008-03-14,136.08241138014793
2008-03-17,130.86555605747859
2008-03-18,140.85530914468225
2008-03-19,144.2962634917777
2008-03-20,146.01670784139014
2008-03-24,151.95506133259164
2008-03-25,151.400121448605
2008-03-26,150.67869986990243
2008-03-27,150.1791999798337
2008-03-28,150.2901824086188
2008-03-31,152.45466161566773
2008-04-01,152.62114210615206
2008-04-02,153.7311556726901
2008-04-03,153.89764651428362
2008-04-04,156.3950975219174
2008-04-07,155.00756021670293
2008-04-08,158.226447212163
2008-04-09,156.89449697953103
2008-04-10,158.94793215599913
2008-04-11,152.8430599777515
2008-04-14,155.67340776241952
2008-04-15,157.4493299981732
2008-04-16,154.7854447839341
2008-04-17,153.39794805689093
2008-04-18,160.33521685981574
2008-04-21,157.2827550012386
2008-04-22,154.34125291720542
2008-04-23,155.11820678439062
2008-04-24,157.44916807773967
2008-04-25,164.66396130656594
2008-04-28,159.72453645925287
2008-04-29,164.55284947187963
2008-04-30,158.94752120746955
2008-05-01,160.7234418619206
2008-05-02,161.05646083345852
2008-05-05,158.0041187877428
2008-05-06,160.55699133499635
2008-05-07,156.2280537346222
2008-05-08,157.50443693363405
2008-05-09,157.28251318199457
2008-05-12,161.16739125758983
2008-05-13,160.88986100984425
2008-05-14,159.44683984644695
2008-05-15,160.1683367967521
2008-05-16,161.22272495788513
2008-05-19,158.003752031376
2008-05-20,156.5052444471104
2008-05-21,155.72819590843054
2008-05-22,160.6119878603148
2008-05-23,157.72611166244067
2008-05-27,156.00563523642677
2008-05-28,157.3931493562195
2008-05-29,159.3355382124246
2008-05-30,161.22254899147438
2008-06-02,158.55866881448827
2008-06-03,158.78065095082854
2008-06-04,160.61202697889541
2008-06-05,162.33250301189335
2008-06-06,157.5040850423076
2008-06-09,155.89470830134528
2008-06-10,155.39522165594778
2008-06-11,154.17428139939702
2008-06-12,155.52006870173236
2008-06-13,156.188182916875
2008-06-16,155.68697503789474
2008-06-17,154.7961341667279
2008-06-18,155.01888580379384
2008-06-19,156.46660717831546
2008-06-20,156.46660717831546
2008-06-23,154.79616968007977
2008-06-24,153.0700375919772
2008-06-25,155.46435911999092
2008-06-26,153.5154579140627
2008-06-27,154.29500940935029
2008-06-30,152.62461163748466
2008-07-01,154.85186259511048
2008-07-02,153.6825761806548
2008-07-03,154.79616012765985
2008-07-07,153.8495816084792
2008-07-08,155.35299971995724
2008-07-09,154.85183094286066
2008-07-10,155.79844018541436
2008-07-11,158.24852645577016
2008-07-14,158.74969953905557
2008-07-15,163.20421610812147
2008-07-16,166.5451696160708
2008-07-17,168.99521560629285
2008-07-18,165.43161349480295
2008-07-21,164.54076425613343
2008-07-22,176.79082415500255
2008-07-23,181.9692041853267
2008-07-24,181.24533069107747
2008-07-25,178.07136246001534
2008-07-28,172.28048175281563
2008-07-29,175.2316464052414
2008-07-30,176.0668004320088
2008-07-31,176.34516204349183
2008-08-01,177.79295582386888
2008-08-04,177.0691607007099
2008-08-05,181.35671335791687
2008-08-06,181.30103684691602
2008-08-07,179.63052909340854
2008-08-08,183.8067592643012
2008-08-11,188.4283964192428
2008-08-12,190.766981247202
2008-08-13,190.15442847041726
2008-08-14,192.7715238694556
2008-08-15,193.2170188611179
2008-08-18,192.82730013407502
2008-08-19,188.70677355750996
2008-08-20,188.65110505931048
2008-08-21,188.59545298331798
2008-08-22,191.15676783028445
2008-08-25,185.866886594117
2008-08-26,186.3124095212831
2008-08-27,186.86929731334217
2008-08-28,190.934078268502
2008-08-29,187.5931137669598
2008-09-02,189.5977337806735
2008-09-03,188.2614489529873
2008-09-04,185.75568906742302
2008-09-05,188.26134755725354
2008-09-08,189.3193763305253
2008-09-09,187.37052267057885
2008-09-10,187.37052267057885
2008-09-11,188.44246943077724
2008-09-12,186.48832102278007
2008-09-15,183.41741784049796
2008-09-16,189.39168997439867
2008-09-17,184.25481916722305
2008-09-18,187.0466481872448
2008-09-19,189.78257951027962
2008-09-22,188.4983207947336
2008-09-23,192.9651655026064
2008-09-24,192.4067243136419
2008-09-25,192.85349272749815
2008-09-26,190.7876461134012
2008-09-29,181.4073807045897
2008-09-30,189.3359716856645
2008-10-01,190.06188580110734
2008-10-02,187.04674404475855
2008-10-03,185.6508141939525
2008-10-06,176.77299225919774
2008-10-07,171.58028561158378
2008-10-08,166.16435389625414
2008-10-09,148.91134286685218
2008-10-10,149.3580768954527
2008-10-13,167.50433644786574
2008-10-14,168.3976370741422
2008-10-15,154.21569327266917
2008-10-16,164.88017110955408
2008-10-17,164.04257984031756
2008-10-20,166.49928151600616
2008-10-21,160.63667531454607
2008-10-22,156.44903782577117
2008-10-23,163.65179507823183
2008-10-24,161.30666485476078
2008-10-27,158.12408435717634
2008-10-28,161.9208017466765
2008-10-29,160.30159372920974
2008-10-30,162.3675606691918
2008-10-31,175.0978268958991
2008-11-03,173.08770384313416
2008-11-04,170.3518795961896
2008-11-05,161.920824371215
2008-11-06,169.57012603533556
2008-11-07,170.46342145928972
2008-11-10,170.0168072950664
2008-11-11,166.44339403933867
2008-11-12,158.79398853607876
2008-11-13,165.82919740418117
2008-11-14,164.489131659958
2008-11-17,165.10333407757625
2008-11-18,167.05749713971846
2008-11-19,152.7079263654052
2008-11-20,145.5610427035779
2008-11-21,157.28627581543648
2008-11-24,160.41296969237155
2008-11-25,163.14881289047494
2008-11-26,167.05720585207916
2008-11-28,166.05218970167306
2008-12-01,158.01194267631806
2008-12-02,161.52960454417823
2008-12-03,168.67648189723542
2008-12-04,163.4839450785109
2008-12-05,164.15390228544265
2008-12-08,166.55481726026954
2008-12-09,164.04217128708112
2008-12-10,168.45310123081944
2008-12-11,165.47990399409548
2008-12-12,171.0257974965536
2008-12-15,168.2808334467339
2008-12-16,170.01749164790422
2008-12-17,169.6813670669163
2008-12-18,170.5216291966317
2008-12-19,180.4930519855339
2008-12-22,180.829130048331
2008-12-23,178.1962579148273
2008-12-24,178.70037512846835
2008-12-26,181.7813482960583
2008-12-29,191.13654360476662
2008-12-30,195.61812214266757
2008-12-31,200.9958599384916
2009-01-02,200.43568447684302
2009-01-05,201.7240850566602
2009-01-06,198.47491521865257
2009-01-07,195.16971245551636
2009-01-08,197.41045592421816
2009-01-09,193.657090925731
2009-01-12,195.6176753142631
2009-01-13,196.90620894155813
2009-01-14,189.28771081140033
2009-01-15,194.66556396326303
2009-01-16,193.2651398961113
2009-01-20,185.08635244084778
2009-01-21,190.07202351654686
2009-01-22,185.08643433970786
2009-01-23,192.7049621499989
2009-01-26,196.57023828080355
2009-01-27,198.7549199090564
2009-01-28,197.46639176328603
2009-01-29,194.10531630908312
2009-01-30,195.5618826026665
2009-02-02,198.53090310434015
2009-02-03,195.84200055269497
2009-02-04,193.88142628516192
2009-02-05,195.56199048820167
2009-02-06,196.06614929968026
2009-02-09,195.5059883111311
2009-02-10,187.9434256712799
2009-02-11,191.97687952961124
2009-02-12,191.02448223026485
2009-02-13,189.11977711794688
2009-02-17,186.15078573697224
2009-02-18,184.97431277111457
2009-02-19,185.47855274772863
2009-02-20,180.04477306643116
2009-02-23,173.0984656767552
2009-02-24,178.98052463891705
2009-02-25,175.50740755829887
2009-02-26,172.09027833313877
2009-02-27,176.8518442443384
2009-03-02,173.49077494447474
2009-03-03,170.52182731284995
2009-03-04,177.63616847016934
2009-03-05,174.05093768193592
2009-03-06,173.6027565174049
2009-03-09,169.28924882621698
2009-03-10,173.26653043814008
2009-03-11,173.6026675071901
2009-03-12,182.38366403237126
2009-03-13,184.91204876685202
2009-03-16,185.36156995740427
2009-03-17,190.6430771702006
2009-03-18,192.04773536279066
2009-03-19,186.4289947692815
2009-03-20,182.7768507617513
2009-03-23,192.83432975176743
2009-03-24,188.3393615252537
2009-03-25,192.10388868342045
2009-03-26,200.082539492109
2009-03-27,196.37420970516223
2009-03-30,191.42970347899598
2009-03-31,194.91334122290672
2009-04-01,196.93615187811804
2009-04-02,199.4646151320812
2009-04-03,199.6894117533351
2009-04-06,195.25071550888194
2009-04-07,193.78984965544447
2009-04-08,196.5430220494994
2009-04-09,196.31817683227476
2009-04-13,194.23916733962096
2009-04-14,188.50814070726545
2009-04-15,191.99177114753576
2009-04-16,194.68887154861636
2009-04-17,194.7451366324939
2009-04-20,189.07026335102304
2009-04-21,189.80064177834802
2009-04-22,181.99053516981078
2009-04-23,197.4420775773332
2009-04-24,212.38785052370457
2009-04-27,216.26477834716428
2009-04-28,219.86082908152096
2009-04-29,219.80454470927606
2009-04-30,217.7819032888613
2009-05-01,218.73709471668622
2009-05-04,220.53511363525735
2009-05-05,215.98393049516653
2009-05-06,215.7029354015923
2009-05-07,214.52304034494563
2009-05-08,217.89426992396642
2009-05-11,215.7591239729815
2009-05-12,215.14097408279892
2009-05-13,210.98315961767474
2009-05-14,211.8821588608057
2009-05-15,212.5563678903008
2009-05-18,216.09606908477798
2009-05-19,213.7363000103722
2009-05-20,212.72489983872313
2009-05-21,211.2641179515306
2009-05-22,207.27481761225187
2009-05-26,213.84874572764204
2009-05-27,208.73562221729412
2009-05-28,209.80309618931335
2009-05-29,210.81455691604202
2009-06-01,215.08481658093336
2009-06-02,218.9617203998047
2009-06-03,219.91683142418864
2009-06-04,223.11948024021913
2009-06-05,216.54548787442133
2009-06-08,216.60157315578078
2009-06-09,213.7922507519503
2009-06-10,210.98280678481893
2009-06-11,211.71322926190797
2009-06-12,212.05027672289293
2009-06-15,208.21555951863616
2009-06-16,205.00445915973972
2009-06-17,205.73673508785828
2009-06-18,208.66622045877426
2009-06-19,204.77897743784777
2009-06-22,201.39889563625866
2009-06-23,199.0328614103239
2009-06-24,200.83550203611722
2009-06-25,203.53955123553146
2009-06-26,199.87767116925303
2009-06-29,202.4127196726927
2009-06-30,202.243705051766
2009-07-01,208.66595390568483
2009-07-02,203.08873028969373
2009-07-06,204.8350902814548
2009-07-07,201.84941400551227
2009-07-08,201.28605229102288
2009-07-09,199.9903739724256
2009-07-10,202.41285737235359
2009-07-13,206.52527939558766
2009-07-14,215.59525009080366
2009-07-15,221.17248361540268
2009-07-16,223.144236306834
2009-07-17,220.15856642504858
2009-07-20,220.27128761105823
2009-07-21,211.25756625072614
2009-07-22,219.76427467094413
2009-07-23,221.7922593976076
2009-07-24,235.7070621676947
2009-07-27,243.19971825988137
2009-07-28,245.45320684927742
2009-07-29,246.0165219589965
2009-07-30,247.36862876368312
2009-07-31,244.15753659370176
2009-08-03,247.87556756095063
2009-08-04,247.03055975113537
2009-08-05,241.0027670626479
2009-08-06,235.76360790947302
2009-08-07,240.89005179985662
2009-08-10,239.76340902758866
2009-08-11,239.65072022534568
2009-08-12,241.45337294288075
2009-08-13,241.90392493679212
2009-08-14,235.87616293521714
2009-08-17,232.32693431153092
2009-08-18,239.36876369051345
2009-08-19,241.1151981903994
2009-08-20,243.08703828120048
2009-08-21,246.80505453171145
2009-08-24,247.81917650078225
2009-08-25,247.8754314538479
2009-08-26,248.7767065226141
2009-08-27,249.11479406677836
2009-08-28,248.83304523468883
2009-08-31,246.1852128003465
2009-09-01,245.9599533306342
2009-09-02,247.25567036477997
2009-09-03,245.62205215067988
2009-09-04,246.29800403819854
2009-09-08,247.19945473297838
2009-09-09,247.59373786327748
2009-09-10,246.35428361153393
2009-09-11,246.00224334025307
2009-09-14,245.71983276489846
2009-09-15,246.05868041428127
2009-09-16,245.9457394799711
2009-09-17,244.53425688109553
2009-09-18,244.59074429443507
2009-09-21,247.30080974121742
2009-09-22,245.6634310799208
2009-09-23,243.4050471580031
2009-09-24,242.79531751487232
2009-09-25,241.82413624481282
2009-09-28,247.188037410859
2009-09-29,245.1554101792295
2009-09-30,243.85682197151016
2009-10-01,238.49294731542483
2009-10-02,240.13020139874519
2009-10-05,242.3886259429004
2009-10-06,244.25186731052347
2009-10-07,241.6547372054107
2009-10-08,240.80773735150572
2009-10-09,242.78380564421215
2009-10-12,238.09759262766758
2009-10-13,237.81520888281116
2009-10-14,239.678491044408
2009-10-15,236.6295409598321
2009-10-16,236.17781516613977
2009-10-19,239.2266345821195
2009-10-20,237.41975581112075
2009-10-21,236.40336183649333
2009-10-22,238.32295713460564
2009-10-23,236.57271333740914
2009-10-26,231.09605502364812
2009-10-27,231.83001609440322
2009-10-28,227.9341126739368
2009-10-29,227.36951987684347
2009-10-30,221.15869407188762
2009-11-02,223.02195606944323
2009-11-03,222.96553151455768
2009-11-04,220.93297772927096
2009-11-05,225.61918711988653
2009-11-06,225.67559191666652
2009-11-09,226.40948894157953
2009-11-10,222.40068253037992
2009-11-11,223.98150658180586
2009-11-12,217.94005340477477
2009-11-13,218.6176290308102
2009-11-16,223.92500921079122
2009-11-17,224.09429651775457
2009-11-18,219.40803658897528
2009-11-19,214.89108333971802
2009-11-20,218.10929220381368
2009-11-23,223.24729280025892
2009-11-24,221.04540475136997
2009-11-25,216.69788373072004
2009-11-27,209.35789301299306
2009-11-30,203.82477325855265
2009-12-01,208.39819352092803
2009-12-02,211.84239046524843
2009-12-03,207.2689250974942
2009-12-04,214.04433899000617
2009-12-07,214.55248025076847
2009-12-08,210.71306361668096
2009-12-09,211.78580382355347
2009-12-10,209.07558089202348
2009-12-11,209.85187852387557
2009-12-14,214.89147138662645
2009-12-15,214.1552532056558
2009-12-16,216.98659980828776
2009-12-17,216.36363128023817
2009-12-18,219.13827848777592
2009-12-21,221.34675405837575
2009-12-22,223.78156835301786
2009-12-23,225.98984486952543
2009-12-24,226.8391147065451
2009-12-28,228.19810784275205
2009-12-29,228.7642673483099
2009-12-30,226.72574896196912
2009-12-31,226.2727509155431
2010-01-04,227.63174505754185
2010-01-05,219.13812175420978
2010-01-06,209.68165438615037
2010-01-07,214.7213529493215
2010-01-08,215.5141041844104
2010-01-11,214.32489735752083
2010-01-12,217.0429657058089
2010-01-13,222.13913454058132
2010-01-14,220.72344183615422
2010-01-15,221.28959746446392
2010-01-19,224.290726985277
2010-01-20,227.17847009521242
2010-01-21,233.86024325765283
2010-01-22,246.94051438353986
2010-01-25,245.52480441457902
2010-01-26,241.90085830141985
2010-01-27,243.37306692504228
2010-01-28,239.35278723250752
2010-01-29,236.7481502018434
2010-02-01,234.76633143650378
2010-02-02,237.14451437395556
2010-02-03,238.27711657460554
2010-02-04,235.6157994595838
2010-02-05,235.78567845099417
2010-02-08,234.42660980040262
2010-02-09,237.88065146920178
2010-02-10,236.52163930735824
2010-02-11,238.67327666013728
2010-02-12,240.5418497431095
2010-02-16,241.61779343701042
2010-02-17,242.354002853613
2010-02-18,241.84433238561184
2010-02-19,244.05261298462486
2010-02-22,246.1478046670979
2010-02-23,246.88403275085716
2010-02-24,248.86601776578098
2010-02-25,245.41200630520973
2010-02-26,241.84469738155724
2010-03-01,239.07001316849863
2010-03-02,239.52305084345295
2010-03-03,239.6363452465019
2010-03-04,239.69289942398004
2010-03-05,240.5989385838027
2010-03-08,241.50503418650925
2010-03-09,248.9796149945817
2010-03-10,250.2252600083996
2010-03-11,251.28696578661524
2010-03-12,250.4356055465302
2010-03-15,251.0033430643042
2010-03-16,250.3788467467602
2010-03-17,251.91141566769713
2010-03-18,252.19531983315466
2010-03-19,249.81131747477184
2010-03-22,251.62769556413087
2010-03-23,253.38732803921087
2010-03-24,253.10353423180692
2010-03-25,251.17361978328938
2010-03-26,251.57097644978657
2010-03-29,249.47086193838373
2010-03-30,247.76797383479231
2010-03-31,246.74617871069762
2010-04-01,245.10013495251854
2010-04-05,246.9731901838257
2010-04-06,250.03837444719713
2010-04-07,249.9248570251981
2010-04-08,250.15178879537694
2010-04-09,249.8678665150942
2010-04-12,249.75442650369635
2010-04-13,248.278627597486
2010-04-14,246.51907696370264
2010-04-15,245.78124536635028
2010-04-16,250.32229965573893
2010-04-19,252.5361500738943
2010-04-20,262.24262953813445
2010-04-21,266.10257880230625
2010-04-22,267.7486893547773
2010-04-23,270.41653729550836
2010-04-26,268.6569368873265
2010-04-27,266.89723395071445
2010-04-28,268.08919699753835
2010-04-29,273.36814137561686
2010-04-30,264.45633996677174
2010-05-03,273.7086094768492
2010-05-04,267.69167311471966
2010-05-05,264.6833540922564
2010-05-06,257.4744382601997
2010-05-07,254.7498437545303
2010-05-10,262.6965103806091
2010-05-11,268.37285657691336
2010-05-12,272.2894900457968
2010-05-13,273.08403077775046
2010-05-14,272.23255476978545
2010-05-17,271.5514289177514
2010-05-18,270.58633513937775
2010-05-19,267.52113313491884
2010-05-20,261.2771898875498
2010-05-21,265.93158174820667
2010-05-24,263.7179672617346
2010-05-25,256.5659359895963
2010-05-26,253.72780360567944
2010-05-27,256.73625417303197
2010-05-28,252.19536004547354
2010-06-01,250.60602488646697
2010-06-02,256.16872682087194
2010-06-03,256.56604451617113
2010-06-04,249.1869485098415
2010-06-07,246.85979159770807
2010-06-08,247.25723586218035
2010-06-09,247.0868756266713
2010-06-10,251.96857102842742
2010-06-11,250.64875965338052
2010-06-14,250.64875965338052
2010-06-15,254.63181909303242
2010-06-16,253.09537069662508
2010-06-17,251.95745390997305
2010-06-18,250.19349977514935
2010-06-21,250.364131741996
2010-06-22,250.364131741996
2010-06-23,252.64019206366248
2010-06-24,253.5507073158599
2010-06-25,255.25761067751026
2010-06-28,252.81096647916635
2010-06-29,246.77940244090638
2010-06-30,239.55296119922932
2010-07-01,244.27574782927212
2010-07-02,242.85333014966224
2010-07-06,241.71531944458093
2010-07-07,246.43819507120858
2010-07-08,251.33171831073759
2010-07-09,251.90073332099308
2010-07-12,247.40556473488
2010-07-13,255.25796995400034
2010-07-14,255.94078502362728
2010-07-15,253.43717226452617
2010-07-16,247.6332075824963
2010-07-19,247.06414647147173
2010-07-20,247.6331352007955
2010-07-21,243.99144231453258
2010-07-22,244.67413037012867
2010-07-23,242.91027456429043
2010-07-26,243.8775432776054
2010-07-27,244.27579530577776
2010-07-28,239.7237158602546
2010-07-29,239.8943991459471
2010-07-30,237.3337663294633
2010-08-02,237.73201238936414
2010-08-03,237.7888303403252
2010-08-04,241.658130187623
2010-08-05,234.7162587398533
2010-08-06,228.34347759880754
2010-08-09,230.22114601510256
2010-08-10,229.82286343249643
2010-08-11,226.40884479620672
2010-08-12,224.11849292224832
2010-08-13,220.77554148182003
2010-08-16,221.23078064835556
2010-08-17,222.65329456792446
2010-08-18,219.1253531154957
2010-08-19,217.36139402291596
2010-08-20,214.971505495634
2010-08-23,214.57316329595062
2010-08-24,212.24032386459703
2010-08-25,215.65442171428293
2010-08-26,214.28889791598812
2010-08-27,215.99592327678687
2010-08-30,212.24040215877335
2010-08-31,214.80087037041682
2010-09-01,217.9305190517138
2010-09-02,217.4183823319423
2010-09-03,219.865208806706
2010-09-07,216.73564742455136
2010-09-08,219.29616236322502
2010-09-09,219.69440419407664
2010-09-10,220.8893220584882
2010-09-13,222.6389863785135
2010-09-14,222.41078141747553
2010-09-15,224.5219045546902
2010-09-16,226.06257386374446
2010-09-17,228.85851577729122
2010-09-20,234.27902972347636
2010-09-21,233.76549009032252
2010-09-22,231.7684315084809
2010-09-23,232.73838239434392
2010-09-24,238.21588022399482
2010-09-27,238.9005126637586
2010-09-28,241.81055980851582
2010-09-29,241.81055980851582
2010-09-30,239.243015284469
2010-10-01,242.21010716002698
2010-10-04,237.5884961053065
2010-10-05,244.03593512411618
2010-10-06,246.88871520571706
2010-10-07,250.1980115443345
2010-10-08,251.2821195283561
2010-10-11,248.8286009132812
2010-10-12,246.26093858045706
2010-10-13,252.5373911220572
2010-10-14,255.61859983113737
2010-10-15,252.42336733324817
2010-10-18,253.33638265289255
2010-10-19,249.9700488002009
2010-10-20,248.77194235630154
2010-10-21,245.00603269291184
2010-10-22,245.8618387651082
2010-10-25,244.7778339179928
2010-10-26,244.8919003885986
2010-10-27,241.35443688748526
2010-10-28,242.95196190524354
2010-10-29,244.60670771778013
2010-11-01,241.12619887366378
2010-11-02,246.03311702074288
2010-11-03,245.57672558866938
2010-11-04,245.91905954413997
2010-11-05,248.14438111395492
2010-11-08,245.69097761788126
2010-11-09,242.89501429258976
2010-11-10,246.54669793746456
2010-11-11,245.3484809854885
2010-11-12,241.12627897620922
2010-11-15,244.03619091089408
2010-11-16,239.18621565273097
2010-11-17,237.41743358797902
2010-11-18,246.37543077468703
2010-11-19,245.29137887927843
2010-11-22,244.94895211436295
2010-11-23,244.3784660048886
2010-11-24,252.70883915406318
2010-11-26,254.7057444010586
2010-11-29,262.0091769160146
2010-11-30,261.0392189430715
2010-12-01,268.97037353221884
2010-12-02,272.5078718849146
2010-12-03,275.18962185213405
2010-12-06,280.4388638889635
2010-12-07,279.8681708009495
2010-12-08,275.6457997080756
2010-12-09,272.792865681097
2010-12-10,275.30337842396017
2010-12-13,274.43314444476204
2010-12-14,274.49022653880655
2010-12-15,275.86295216172715
2010-12-16,280.2671041929891
2010-12-17,280.78195486339166
2010-12-20,278.49414349516474
2010-12-21,280.03839352084543
2010-12-22,279.2948915860476
2010-12-23,280.8391130416268
2010-12-27,282.3261561451822
2010-12-28,285.24314999047425
2010-12-29,285.5292488699147
2010-12-30,281.81137252037956
2010-12-31,275.92010577784106
2011-01-03,282.78389432917055
2011-01-04,273.57503681034115
2011-01-05,271.6876426313866
2011-01-06,270.48651156331323
2011-01-07,269.1137925171294
2011-01-10,273.7468555691043
2011-01-11,278.7230259096395
2011-01-12,279.6954905470382
2011-01-13,279.0091178132358
2011-01-14,279.2379052898427
2011-01-18,279.1379381197489
2011-01-19,273.17499348563484
2011-01-20,269.57154214656583
2011-01-21,254.07090890159617
2011-01-24,251.0393348165823
2011-01-25,250.69616404588803
2011-01-26,251.2682526922407
2011-01-27,248.86587692825017
2011-01-28,243.77532541568283
2011-01-31,242.917480045545
2011-02-01,248.29397263139305
2011-02-02,247.03561877809716
2011-02-03,247.5504410076307
2011-02-04,247.15015194452138
2011-02-07,248.17977947752223
2011-02-08,249.9530240018891
2011-02-09,248.40856426658144
2011-02-10,248.12264600911058
2011-02-11,251.21127670663202
2011-02-14,252.8127485956368
2011-02-15,252.12636198319964
2011-02-16,255.50107333834475
2011-02-17,258.93296375542536
2011-02-18,261.90732671008396
2011-02-22,262.07887600907907
2011-02-23,254.64317413894952
2011-02-24,258.53259398074783
2011-02-25,262.479094027864
2011-02-28,251.4972312128322
2011-03-01,248.80897730839823
2011-03-02,249.15208488810651
2011-03-03,253.72776292707658
2011-03-04,254.24257655805562
2011-03-07,251.66862471298185
2011-03-08,257.6170643266979
2011-03-09,258.13178322122263
2011-03-10,253.49883397596815
2011-03-11,250.62466419634862
2011-03-14,252.86123869963683
2011-03-15,251.48491497739474
2011-03-16,249.1335310223561
2011-03-17,249.30568229229254
2011-03-18,256.53180749353464
2011-03-21,261.9802865528898
2011-03-22,263.7580847774377
2011-03-23,265.5360780269225
2011-03-24,268.7477368906581
2011-03-25,263.2994140206738
2011-03-28,262.2670170182987
2011-03-29,265.7082225485958
2011-03-30,267.77277543779843
2011-03-31,269.9521780570866
2011-04-01,273.3360286090322
2011-04-04,276.6625280772041
2011-04-05,277.58021768283623
2011-04-06,277.4655770529332
2011-04-07,275.4009556940823
2011-04-08,271.5582861592828
2011-04-11,269.37903091285455
2011-04-12,265.9953609055582
2011-04-13,266.85558990272676
2011-04-14,269.0923734572914
2011-04-15,272.99232922580796
2011-04-18,270.4114597453072
2011-04-19,270.4114597453072
2011-04-20,274.82754929440785
2011-04-21,277.1789738061708
2011-04-25,275.4585239157559
2011-04-26,274.2542192491962
2011-04-27,281.53786280401636
2011-04-28,286.7567301668144
2011-04-29,291.45954054155015
2011-05-02,289.5670937448139
2011-05-03,289.22308803744505
2011-05-04,289.22308803744505
2011-05-05,287.67458762409257
2011-05-06,284.061394803534
2011-05-09,288.13341489804264
2011-05-10,296.449233385415
2011-05-11,295.35948600349025
2011-05-12,302.5857511880517
2011-05-13,297.9404547358127
2011-05-16,295.81852281718426
2011-05-17,297.0801888169995
2011-05-18,293.32360982940855
2011-05-19,295.3595690052345
2011-05-20,291.57424076886343
2011-05-23,286.813999714071
2011-05-24,284.63478694424344
2011-05-25,283.8893284372365
2011-05-26,287.7317704976345
2011-05-27,289.4524064852104
2011-05-31,295.47417434972874
2011-06-01,285.6670910288869
2011-06-02,283.83196563611733
2011-06-03,277.1218941365139
2011-06-06,275.86015815251034
2011-06-07,277.0071846901085
2011-06-08,278.72767631421874
2011-06-09,273.73817218051795
2011-06-10,269.2647429707439
2011-06-13,268.9637049881026
2011-06-14,273.5059640379417
2011-06-15,270.343688081735
2011-06-16,275.69081588830363
2011-06-17,275.86339833904975
2011-06-20,277.35830209464905
2011-06-21,282.5329759368289
2011-06-22,279.65820290667165
2011-06-23,281.0380364798132
2011-06-24,278.9681913411394
2011-06-27,281.03813532089066
2011-06-28,283.05036836978826
2011-06-29,283.79790439265287
2011-06-30,286.61516618955875
2011-07-01,291.904649081587
2011-07-05,292.2496803768015
2011-07-06,295.1245404826681
2011-07-07,298.0568979169039
2011-07-08,296.9069944047405
2011-07-11,292.8248201386697
2011-07-12,293.9747432073542
2011-07-13,294.8372651039246
2011-07-14,291.3876691022087
2011-07-15,292.94018260318524
2011-07-18,288.16789408839674
2011-07-19,291.7901645170879
2011-07-20,290.9276327907753
2011-07-21,297.94218894499375
2011-07-22,294.03259154165755
2011-07-25,291.7326686106187
2011-07-26,305.30173849303577
2011-07-27,300.5869637454878
2011-07-28,296.2173310535197
2011-07-29,297.1948482459963
2011-08-01,297.3098626522675
2011-08-02,288.16817899543554
2011-08-03,289.6055618722648
2011-08-04,275.80672566573696
2011-08-05,274.77189883103915
2011-08-08,253.90104971152988
2011-08-09,267.7000639612521
2011-08-10,257.9833547396505
2011-08-11,271.78236841796496
2011-08-12,275.69195778765743
2011-08-15,281.5564771137164
2011-08-16,276.61178226264536
2011-08-17,280.00414916031446
2011-08-18,275.9793695202841
2011-08-19,276.726721652945
2011-08-22,276.6691624948412
2011-08-23,285.8684121477947
2011-08-24,289.03068852297355
2011-08-25,279.25653772919213
2011-08-26,282.70619373976086
2011-08-29,291.38810094950895
2011-08-30,294.2052411094888
2011-08-31,290.98545895078655
2011-09-01,285.06332289022015
2011-09-02,274.94414505426306
2011-09-06,273.62166371655206
2011-09-07,281.95864218833174
2011-09-08,281.0961307018776
2011-09-09,273.50681626905765
2011-09-12,274.77178529430205
2011-09-13,277.74728895725406
2011-09-14,281.4935443907095
2011-09-15,284.3754752981815
2011-09-16,283.79904620975213
2011-09-19,279.07294069322114
2011-09-20,274.7503799148239
2011-09-21,269.1020616045349
2011-09-22,270.4276583599989
2011-09-23,274.2893653213797
2011-09-26,274.23176455466216
2011-09-27,290.7155616902783
2011-09-28,276.075998150241
2011-09-29,280.4562199368927
2011-09-30,276.9404207637638
2011-10-03,262.30079624134976
2011-10-04,275.384097657072
2011-10-05,276.6519660426852
2011-10-06,277.7469545242821
2011-10-07,281.1474104885229
2011-10-10,280.80159917362204
2011-10-11,279.70647293684493
2011-10-12,281.72371601966546
2011-10-13,282.93400110368594
2011-10-14,287.4295394472224
2011-10-17,279.4183033237494
2011-10-18,287.71786518737474
2011-10-19,279.59127408515735
2011-10-20,282.1271669411097
2011-10-21,285.239593846804
2011-10-24,288.23660625935236
2011-10-25,277.34356843559885
2011-10-26,286.3924570429471
2011-10-27,307.48726625135953
2011-10-28,304.1442646926747
2011-10-31,297.1127534372448
2011-11-01,282.7036762337987
2011-11-02,288.46715608117717
2011-11-03,298.14984464219793
2011-11-04,290.19610123667803
2011-11-07,290.71468166958795
2011-11-08,293.65409781594917
2011-11-09,279.8790777415008
2011-11-10,282.35740697490183
2011-11-11,289.61935712488935
2011-11-14,283.9712004222397
2011-11-15,293.19288118475157
2011-11-16,289.4464625489728
2011-11-17,288.5242861192918
2011-11-18,289.5041145949529
2011-11-21,281.1469993189404
2011-11-22,277.97706690161937
2011-11-23,269.9657678335147
2011-11-25,268.00608632481124
2011-11-28,279.418053486608
2011-11-29,280.16745270605907
2011-11-30,299.01431724959565
2011-12-01,295.2679668687755
2011-12-02,297.5158419005475
2011-12-05,301.7810290100337
2011-12-06,312.67411703317987
2011-12-07,309.9651084832044
2011-12-08,299.87884385316096
2011-12-09,311.46376334889624
2011-12-12,306.622370611401
2011-12-13,300.33998485994397
2011-12-14,296.35327190091306
2011-12-15,303.3445419383275
2011-12-16,303.3445419383275
2011-12-19,297.6820093739647
2011-12-20,306.869071547264
2011-12-21,309.9893162667566
2011-12-22,307.27349986694355
2011-12-23,307.9089414646683
2011-12-27,308.6599313729007
2011-12-28,302.9975649318648
2011-12-29,310.91337631570974
2011-12-30,307.850879559
2012-01-03,305.88648309653405
2012-01-04,303.22863544490826
2012-01-05,303.97973277490536
2012-01-06,304.2685135210415
2012-01-09,301.6685390730042
2012-01-10,303.97962175084245
2012-01-11,302.53511058828246
2012-01-12,302.9973842372614
2012-01-13,297.85491263198656
2012-01-17,298.43275116249265
2012-01-18,298.721634065618
2012-01-19,302.5927677214743
2012-01-20,304.26852646911584
2012-01-23,301.552929870379
2012-01-24,289.2459516965091
2012-01-25,288.66803828501946
2012-01-26,288.7835055003335
2012-01-27,291.4992255860586
2012-01-30,291.7881013186144
2012-01-31,294.8504174419532
2012-02-01,298.6062220593288
2012-02-02,301.8419190815637
2012-02-03,305.4821326256873
2012-02-06,302.5931880974462
2012-02-07,297.21973826321175
2012-02-08,300.16667196809146
2012-02-09,300.0511077993838
2012-02-10,294.0419842634855
2012-02-13,298.837809026823
2012-02-14,294.62001219021846
2012-02-15,289.82418763178606
2012-02-16,295.5444476230746
2012-02-17,295.1398472742786
2012-02-21,293.9265273621341
2012-02-22,291.21094017583533
2012-02-23,299.7623494340988
2012-02-24,296.5845687677479
2012-02-27,291.55775691170334
2012-02-28,290.40202196330534
2012-02-29,289.8819119419691
2012-03-01,289.41955029242166
2012-03-02,285.4903904776518
2012-03-05,287.6860970708153
2012-03-06,284.3348417260374
2012-03-07,286.93479951878027
2012-03-08,289.59267656672273
2012-03-09,290.80606988153727
2012-03-12,294.38850985640795
2012-03-13,297.7975288005451
2012-03-14,293.3371174141705
2012-03-15,294.7272420135963
2012-03-16,293.2789523463415
2012-03-19,295.42223493008856
2012-03-20,293.7424641022761
2012-03-21,294.72708884194697
2012-03-22,292.8735501802199
2012-03-23,297.6233734170428
2012-03-26,302.6049934412972
2012-03-27,303.12638184499656
2012-03-28,302.72079874608795
2012-03-29,303.1842642889682
2012-03-30,303.87946580698286
2012-04-02,305.4435334174914
2012-04-03,302.8368783033065
2012-04-04,298.49238044716725
2012-04-05,299.76664441929626
2012-04-09,290.3827493823946
2012-04-10,287.6601207241853
2012-04-11,290.38253610671893
2012-04-12,292.3519104665947
2012-04-13,290.8457134238708
2012-04-16,292.64139485854975
2012-04-17,297.2753713461349
2012-04-18,296.232826618824
2012-04-19,291.7146835472337
2012-04-20,292.2940289087585
2012-04-23,283.54713009366384
2012-04-24,322.5311743688514
2012-04-25,321.25685369892005
2012-04-26,325.6012101314905
2012-04-27,326.2963687151213
2012-04-30,324.7324302198696
2012-05-01,320.6774963637141
2012-05-02,320.6774963637141
2012-05-03,315.11662789927095
2012-05-04,309.96131986683883
2012-05-07,313.2050650792453
2012-05-08,319.2871942380192
2012-05-09,316.6227426021029
2012-05-10,323.97947202646276
2012-05-11,324.38509432543987
2012-05-14,317.3761055923501
2012-05-15,315.6962338654498
2012-05-16,316.9126114545334
2012-05-17,314.3640002332161
2012-05-18,310.8883918466376
2012-05-21,316.3914272707149
2012-05-22,316.6230257954771
2012-05-23,317.66566541942154
2012-05-24,319.4614294260375
2012-05-25,318.0133107664493
2012-05-29,323.11074612472476
2012-05-30,319.57720700510475
2012-05-31,318.9978135288045
2012-06-01,312.2203859825715
2012-06-04,313.55263036955915
2012-06-05,314.0740683938637
2012-06-06,322.4733512049208
2012-06-07,321.95191179602244
2012-06-08,324.73228850629295
2012-06-11,322.70498482914815
2012-06-12,325.0220066202214
2012-06-13,324.84811984667965
2012-06-14,326.531807651845
2012-06-15,330.7120678534039
2012-06-18,331.2927982445545
2012-06-19,333.73144453243265
2012-06-20,336.11195092628253
2012-06-21,334.9506841358322
2012-06-22,336.1119581577312
2012-06-25,333.7316132700581
2012-06-26,332.7444351580052
2012-06-27,335.93778350221663
2012-06-28,331.8736081974068
2012-06-29,343.1373984596268
2012-07-02,345.86637018957623
2012-07-03,345.28566055402797
2012-07-05,341.9760974976176
2012-07-06,342.84711061794405
2012-07-09,341.5696622837816
2012-07-10,337.3311243445022
2012-07-11,336.0536513766096
2012-07-12,330.47986551487713
2012-07-13,333.73112643181247
2012-07-16,329.3185334781311
2012-07-17,329.60899242465877
2012-07-18,326.1833661663893
2012-07-19,316.02275431030625
2012-07-20,313.5261745512549
2012-07-23,307.6619809824482
2012-07-24,309.98452127688466
2012-07-25,323.22241025801407
2012-07-26,330.0734324658429
2012-07-27,333.7313062444294
2012-07-30,341.97580443389177
2012-07-31,335.53092842353067
2012-08-01,329.7249012380899
2012-08-02,330.0150591511794
2012-08-03,336.3437579405215
2012-08-06,335.4147764810898
2012-08-07,334.95022701566353
2012-08-08,334.4277046615191
2012-08-09,335.58883765210385
2012-08-10,333.3826766333789
2012-08-13,330.4795802852554
2012-08-14,330.01525647495464
2012-08-15,332.3375738347689
2012-08-16,333.0341533895266
2012-08-17,335.70508729971056
2012-08-20,335.35662541909346
2012-08-21,336.6339988053147
2012-08-22,335.4147104616419
2012-08-23,331.2924636700683
2012-08-24,333.96334351217644
2012-08-27,334.8924295338273
2012-08-28,336.8083491231904
2012-08-29,336.69215024274285
2012-08-30,333.1504855143395
2012-08-31,331.5247111450295
2012-09-04,331.46669432057917
2012-09-05,335.06642262090065
2012-09-06,333.9050824000966
2012-09-07,334.13748033744713
2012-09-10,333.7311691613568
2012-09-11,331.524872402031
2012-09-12,332.33777138916076
2012-09-13,337.4587641084964
2012-09-14,336.00397937642464
2012-09-17,334.37469608042835
2012-09-18,337.9825990511362
2012-09-19,336.99332398371354
2012-09-20,340.07748688481246
2012-09-21,333.0943357691197
2012-09-24,337.74966220582894
2012-09-25,334.19991325604565
2012-09-26,332.2796005544764
2012-09-27,334.4909212961665
2012-09-28,333.6178999915835
2012-10-01,337.6333250358822
2012-10-02,337.05124518352034
2012-10-03,334.4326940596896
2012-10-04,337.2258759204761
2012-10-05,333.5598934233446
2012-10-08,334.08358245601926
2012-10-09,331.40657070979915
2012-10-10,335.18891390131006
2012-10-11,332.57041810591306
2012-10-12,330.88295580444367
2012-10-15,334.4909035545353
2012-10-16,335.1311191439387
2012-10-17,337.8078113925413
2012-10-18,335.4218748206758
2012-10-19,330.8829460106024
2012-10-22,331.8722860191741
2012-10-23,331.057539556997
2012-10-24,328.03167364544606
2012-10-25,332.8035504019664
2012-10-26,331.290625461839
2012-10-31,333.2690930770972
2012-11-01,337.51727420655095
2012-11-02,330.30149240128907
2012-11-05,328.0319908469998
2012-11-06,332.97838523698175
2012-11-07,331.87256401960974
2012-11-08,326.2277435782002
2012-11-09,338.9718303810825
2012-11-12,343.2781285142438
2012-11-13,346.42049650266324
2012-11-14,340.31033178534926
2012-11-15,335.88765871346686
2012-11-16,337.80792845833173
2012-11-19,351.83236241620784
2012-11-20,353.8110676224366
2012-11-21,355.7315540974912
2012-11-23,356.72084354943627
2012-11-26,358.46663535776725
2012-11-27,364.16948105967396
2012-11-28,361.2597669060071
2012-11-29,365.21700639269545
2012-11-30,366.03180553395754
2012-12-03,369.98897538358517
2012-12-04,371.79304162755557
2012-12-05,371.094814295379
2012-12-06,369.6401226233411
2012-12-07,367.4869689090602
2012-12-10,366.6119824360877
2012-12-11,368.0120735970112
2012-12-12,366.1451483476535
2012-12-13,364.7450093003721
2012-12-14,361.1278330431403
2012-12-17,371.45392230117585
2012-12-18,370.63709512603555
2012-12-19,368.653445392921
2012-12-20,370.6954168269524
2012-12-21,370.4618787143514
2012-12-24,368.18650185528793
2012-12-26,363.9276885883278
2012-12-27,362.1189679760438
2012-12-28,359.8437745002503
2012-12-31,372.69667443785016
2013-01-02,375.2455469943306
2013-01-03,377.3457963208579
2013-01-04,377.87068432354016
2013-01-07,369.88212018625626
2013-01-08,370.05300572578227
2013-01-09,379.0375226517985
2013-01-10,374.89540060425963
2013-01-11,377.17064079052693
2013-01-14,379.1541811904443
2013-01-15,380.9627466347227
2013-01-16,381.6046688628022
2013-01-17,383.296322359871
2013-01-18,385.68847470771897
2013-01-22,387.9636510200199
2013-01-23,382.18803614728483
2013-01-24,382.82972985997606
2013-01-25,385.3966031986872
2013-01-28,387.49701468612
2013-01-29,398.6983908896517
2013-01-30,393.21429452296456
2013-01-31,397.58998319241607
2013-02-01,398.93184938569044
2013-02-04,398.81536128566984
2013-02-05,402.3157637116742
2013-02-06,403.71582256939087
2013-02-07,404.4744045999987
2013-02-08,402.1992360741237
2013-02-11,401.38236942565715
2013-02-12,400.62375674744266
2013-02-13,401.09048342405345
2013-02-14,401.7903863176284
2013-02-15,402.72374538504437
2013-02-19,404.8239497172273
2013-02-20,401.67360974052787
2013-02-21,401.79049676096236
2013-02-22,402.37389656225923
2013-02-25,402.08217548725156
2013-02-26,401.2072446733913
2013-02-27,403.0740619828566
2013-02-28,403.8326473675083
2013-03-01,408.2667298356035
2013-03-04,401.8491851093176
2013-03-05,414.56730996884244
2013-03-06,410.4249534076338
2013-03-07,409.37467595186365
2013-03-08,418.028856601486
2013-03-11,415.9236632796409
2013-03-12,416.74220104897523
2013-03-13,421.30302769725523
2013-03-14,421.06920451688325
2013-03-15,422.1799850783987
2013-03-18,422.063041222532
2013-03-19,425.6298959839036
2013-03-20,431.94496675061686
2013-03-21,430.24915081115387
2013-03-22,436.2132645396981
2013-03-25,438.7860503739533
2013-03-26,443.40558991229034
2013-03-27,445.39382057745706
2013-03-28,449.60412836337576
2013-04-01,439.25424132845086
2013-04-02,443.5813348597774
2013-04-03,434.45952828972094
2013-04-04,435.0443108147989
2013-04-05,432.354431841031
2013-04-08,429.4892190212205
2013-04-09,428.14448827646504
2013-04-10,437.38341818898283
2013-04-11,440.48271709026994
2013-04-12,444.92674722299375
2013-04-15,434.63559155972587
2013-04-16,446.2716556169629
2013-04-17,433.05665935083346
2013-04-18,433.34897259589525
2013-04-19,441.2428574807021
2013-04-22,441.00899876623737
2013-04-23,444.0202082098133
2013-04-24,441.00886315773437
2013-04-25,437.3251161237778
2013-04-26,428.320154657673
2013-04-29,435.2199640290535
2013-04-30,438.6699526839118
2013-05-01,427.3259477075058
2013-05-02,440.24871169212844
2013-05-03,447.03162359316906
2013-05-06,443.9909144894883
2013-05-07,446.56384183895494
2013-05-08,449.4874953114746
2013-05-09,442.8215957560055
2013-05-10,443.8741826891175
2013-05-13,444.634539164064
2013-05-14,449.5464169182094
2013-05-15,461.35824902273544
2013-05-16,468.95958753363396
2013-05-17,468.082633104946
2013-05-20,457.0312021373382
2013-05-21,454.45811646930497
2013-05-22,450.24801647833334
2013-05-23,450.83288865173864
2013-05-24,453.8151482101699
2013-05-28,458.4345326038012
2013-05-29,450.01446554346717
2013-05-30,448.201807276258
2013-05-31,443.8161525920599
2013-06-03,448.3186674601063
2013-06-04,444.9858664862079
2013-06-05,437.73526677768166
2013-06-06,437.91079861965954
2013-06-07,446.27270531930196
2013-06-10,448.37777367029315
2013-06-11,443.875164067096
2013-06-12,444.22671319703716
2013-06-13,446.9222808927168
2013-06-14,442.76188137988646
2013-06-17,445.2816392468194
2013-06-18,445.2816392468194
2013-06-19,441.06259571495576
2013-06-20,436.25765979723707
2013-06-21,444.51994361613697
2013-06-24,440.8868821169622
2013-06-25,439.48045296300916
2013-06-26,437.605189870216
2013-06-27,445.9844540458509
2013-06-28,455.887538847939
2013-07-01,461.9818434672583
2013-07-02,465.79088376664583
2013-07-03,464.61895390308894
2013-07-05,463.564268877729
2013-07-08,470.9474569881446
2013-07-09,476.74858776332457
2013-07-10,478.9754804167671
2013-07-11,484.4252634329491
2013-07-12,482.9017459794526
2013-07-15,485.59730352550986
2013-07-16,483.6048977891447
2013-07-17,484.19102692526513
2013-07-18,489.1133129049873
2013-07-19,493.27371074455704
2013-07-22,492.33599742043157
2013-07-23,489.81622178563384
2013-07-24,480.6752714546704
2013-07-25,487.1211268448775
2013-07-26,484.1326387316842
2013-07-29,480.61686750921467
2013-07-30,477.5697565692063
2013-07-31,466.90514633525936
2013-08-01,473.2924087371257
2013-08-02,471.7101922147175
2013-08-05,479.0934001432622
2013-08-06,475.6362621678284
2013-08-07,469.3664249599321
2013-08-08,467.19842144304215
2013-08-09,468.48742188780346
2013-08-12,462.100532865207
2013-08-13,462.6277895732063
2013-08-14,458.4086241322986
2013-08-15,440.3606181915859
2013-08-16,452.724623268551
2013-08-19,451.02509503280083
2013-08-20,457.9983940271029
2013-08-21,452.6659187254454
2013-08-22,462.3344100835021
2013-08-23,462.27569361342154
2013-08-26,457.64646481757677
2013-08-27,450.32183314817144
2013-08-28,450.38037498648066
2013-08-29,454.8337361343469
2013-08-30,450.73204550188734
2013-09-03,450.4976648382264
2013-09-04,448.79838764645666
2013-09-05,446.7473790149123
2013-09-06,444.1106759839664
2013-09-09,447.1577193318924
2013-09-10,447.97825374686647
2013-09-11,453.3105389012154
2013-09-12,455.06847717107433
2013-09-13,459.35476715754874
2013-09-16,458.0630615523017
2013-09-17,466.5184476054956
2013-09-18,471.6856059311741
2013-09-19,469.9238601930212
2013-09-20,471.5093832973124
2013-09-23,473.6231598626343
2013-09-24,477.2639010924983
2013-09-25,472.7427801574491
2013-09-26,479.2018647627403
2013-09-27,474.3868444256043
2013-09-30,473.9760254183318
2013-10-01,473.85847936402797
2013-10-02,470.159066215633
2013-10-03,466.51862456592534
2013-10-04,467.57575576919174
2013-10-07,465.75548335198226
2013-10-08,464.99211011476837
2013-10-09,465.9904481751848
2013-10-10,469.7486611397176
2013-10-11,481.4923776682105
2013-10-14,485.83736488428843
2013-10-15,487.5990111693588
2013-10-16,496.70053431184607
2013-10-17,496.8177556379436
2013-10-18,497.52224321543815
2013-10-21,494.9973178311198
2013-10-22,503.8053001046068
2013-10-23,502.7483165849873
2013-10-24,504.03987701029416
2013-10-25,503.39420192784405
2013-10-28,509.7943558111546
2013-10-29,512.4952463082421
2013-10-30,505.97733176569386
2013-10-31,502.4542116046093
2013-11-01,497.9331286085911
2013-11-04,498.1681530452944
2013-11-05,497.7571643190321
2013-11-06,498.5794591544871
2013-11-07,488.8322307280169
2013-11-08,484.6043207644502
2013-11-11,484.19337630044197
2013-11-12,481.49254564743813
2013-11-13,484.13497673795126
2013-11-14,483.782526474886
2013-11-15,478.4976861556744
2013-11-18,479.0259476011902
2013-11-19,479.55431322139435
2013-11-20,478.20388827536283
2013-11-21,488.7731506140249
2013-11-22,494.8212295797229
2013-11-25,491.88545522462647
2013-11-26,500.2824318307661
2013-11-27,505.9196142726352
2013-11-29,504.5101222272717
2013-12-02,494.76298666584086
2013-12-03,494.35183862392154
2013-12-04,492.94244153200475
2013-12-05,498.2272774476694
2013-12-06,510.8518584309159
2013-12-09,509.2666851142048
2013-12-10,504.3930029376619
2013-12-11,504.98011639308135
2013-12-12,505.91988438968883
2013-12-13,508.44493053267774
2013-12-16,515.9022923288005
2013-12-17,514.1992988618232
2013-12-18,516.7240174192348
2013-12-19,512.6573994021453
2013-12-20,511.3608888390573
2013-12-23,513.9539999063602
2013-12-24,517.6076988916946
2013-12-26,521.2024843604974
2013-12-27,522.4992361415863
2013-12-30,521.6151674340347
2013-12-31,522.086707545395
2014-01-02,513.6001881142446
2014-01-03,514.0716730869334
2014-01-06,505.64449615001934
2014-01-07,512.303834164315
2014-01-08,505.76222650587096
2014-01-09,508.8858140167712
2014-01-10,509.180458903087
2014-01-13,504.23020648163117
2014-01-14,506.52848776277455
2014-01-15,511.1252337892217
2014-01-16,515.5454448110308
2014-01-17,504.05342130074825
2014-01-21,506.41087915217184
2014-01-22,505.8806669616995
2014-01-23,504.8198352030808
2014-01-24,503.5234578662793
2014-01-27,502.22688496227363
2014-01-28,545.7192309731216
2014-01-29,516.7830144700029
2014-01-30,526.6835434612192
2014-01-31,519.1988436250917
2014-02-03,502.5206191713229
2014-02-04,507.05838036244
2014-02-05,508.94413047900787
2014-02-06,514.7196284716837
2014-02-07,513.8358548695978
2014-02-10,515.4857817995841
2014-02-11,521.3200498779918
2014-02-12,519.5522535888555
2014-02-13,526.4472315462332
2014-02-14,526.5651557260996
2014-02-18,530.5138678288896
2014-02-19,525.8580781248232
2014-02-20,534.0498952658518
2014-02-21,531.8106240550021
2014-02-24,538.8236107544155
2014-02-25,537.4091987761851
2014-02-26,541.6525818097218
2014-02-27,541.3579228052174
2014-02-28,547.3691611800465
2014-03-03,550.669249852801
2014-03-04,561.0416558430284
2014-03-05,557.8005181972233
2014-03-06,565.108262786125
2014-03-07,562.3386671902102
2014-03-10,563.5763745966958
2014-03-11,560.2174594040996
2014-03-12,561.5138026051605
2014-03-13,561.0999669326407
2014-03-14,567.7815453388746
2014-03-17,570.0288246953259
2014-03-18,569.732979735309
2014-03-19,562.696207702598
2014-03-20,563.9380782329977
2014-03-21,562.5778595882997
2014-03-24,561.5725329532154
2014-03-25,563.1101185484413
2014-03-26,558.9706960669916
2014-03-27,556.2507446599296
2014-03-28,559.6210679218242
2014-03-31,567.4854227893297
2014-04-01,570.9153046846684
2014-04-02,573.10305213222
2014-04-03,569.318852678991
2014-04-04,550.9287150997542
2014-04-07,557.2555804639597
2014-04-08,564.7356221205275
2014-04-09,565.0609098388688
2014-04-10,563.2278522473515
2014-04-11,557.8467733469803
2014-04-14,563.9373444183826
2014-04-15,565.119921029628
2014-04-16,573.457700344499
2014-04-17,573.2805019150926
2014-04-21,569.9394231499315
2014-04-22,575.054059533279
2014-04-23,577.4192568801394
2014-04-24,579.3703565491375
2014-04-25,580.9671012517869
2014-04-28,588.89091154576
2014-04-29,568.7861758255877
2014-04-30,553.471039255308
2014-05-01,538.6883812678379
2014-05-02,546.7891771453438
2014-05-05,545.074446285816
2014-05-06,539.6346033118836
2014-05-07,549.0954771771476
2014-05-08,547.6173121525867
2014-05-09,549.9233286540613
2014-05-12,556.7825223323633
2014-05-13,553.5893745667871
2014-05-14,545.7837643853954
2014-05-15,534.6672406723936
2014-05-16,543.1230030836275
2014-05-19,548.8589251191937
2014-05-20,544.0690332796786
2014-05-21,546.1386718822744
2014-05-22,550.9283080346819
2014-05-23,554.4173370094655
2014-05-27,561.5133245058496
2014-05-28,550.9287983389144
2014-05-29,558.1426600243641
2014-05-30,553.8851478136983
2014-06-02,548.7406625608047
2014-06-03,554.0036342554254
2014-06-04,553.2346772110789
2014-06-05,556.4871438784027
2014-06-06,556.6646632773
2014-06-09,556.2505047678217
2014-06-10,551.697594386297
2014-06-11,547.7358539610091
2014-06-12,545.4808254502516
2014-06-13,547.142360044573
2014-06-16,549.1005825511726
2014-06-17,552.6609507284344
2014-06-18,553.6695569635137
2014-06-19,554.9751097788337
2014-06-20,557.2299736498651
2014-06-23,551.8894815824048
2014-06-24,549.7531173991993
2014-06-25,553.4914385975137
2014-06-26,550.9398430655792
2014-06-27,557.5852794526362
2014-06-30,558.4751855586426
2014-07-01,563.8745236526236
2014-07-02,561.382198258079
2014-07-03,563.5777640354663
2014-07-07,560.4921757773722
2014-07-08,558.4749644367494
2014-07-09,559.0680648489812
2014-07-10,558.3558121343635
2014-07-11,559.8393635272045
2014-07-14,559.542648664535
2014-07-15,551.2949900232197
2014-07-16,548.9216650911698
2014-07-17,544.0560234518017
2014-07-18,553.015538046006
2014-07-21,546.0729809813764
2014-07-22,546.2510007731763
2014-07-23,545.8358500125888
2014-07-24,547.2004396376202
2014-07-25,538.5371622772775
2014-07-28,537.0534923952036
2014-07-29,552.2435133741095
2014-07-30,546.1914767110427
2014-07-31,534.5614215974344
2014-08-01,531.6539420253661
2014-08-04,540.0795936985841
2014-08-05,544.0551195877993
2014-08-06,547.0931233755776
2014-08-07,551.5907759428483
2014-08-08,558.533097448865
2014-08-11,567.0183322653082
2014-08-12,563.1614735692397
2014-08-13,566.6620852889461
2014-08-14,566.2172555519942
2014-08-15,565.1193602934788
2014-08-18,566.9588238112341
2014-08-19,565.1196093867904
2014-08-20,564.3482211199776
2014-08-21,564.2889645567599
2014-08-22,561.8563148305557
2014-08-25,563.4581671841376
2014-08-26,562.8648457340927
2014-08-27,562.093720895437
2014-08-28,562.6277099302877
2014-08-29,561.9750617867685
2014-09-02,571.3504917425572
2014-09-03,569.6295840614285
2014-09-04,570.1633269816941
2014-09-05,568.4425740608634
2014-09-08,570.4599767562054
2014-09-09,568.5614859535608
2014-09-10,572.0621190225768
2014-09-11,574.7914273924335
2014-09-12,567.7663265668433
2014-09-15,568.1830670505433
2014-09-16,572.5887585524532
2014-09-17,572.1123647053375
2014-09-18,576.9346998274389
2014-09-19,570.9813106599196
2014-09-22,571.45750907301
2014-09-23,564.7303112762025
2014-09-24,565.5638532156462
2014-09-25,557.9434458574186
2014-09-26,561.0389160950356
2014-09-29,561.1578563452478
2014-09-30,556.990698104028
2014-10-01,551.2158185460853
2014-10-02,552.5850386393538
2014-10-03,557.7644182065204
2014-10-06,554.4306602789001
2014-10-07,550.3822075975436
2014-10-08,559.9671137428547
2014-10-09,550.5607861662023
2014-10-10,550.3824044714845
2014-10-13,554.1332605579577
2014-10-14,558.4194813283735
2014-10-15,560.9792762307827
2014-10-16,559.8483420099014
2014-10-17,562.8250556443681
2014-10-20,574.3742257861906
2014-10-21,584.4946996445433
2014-10-22,579.7322368318395
2014-10-23,584.733007106751
2014-10-24,584.8522926402009
2014-10-27,588.2456056420993
2014-10-28,601.9976114108003
2014-10-29,601.6406268272337
2014-10-30,610.2134041188949
2014-10-31,613.3688176315939
2014-11-03,614.8568503831681
2014-11-04,613.3092556907536
2014-11-05,613.1307826973476
2014-11-06,617.6550747428713
2014-11-07,614.4401800788347
2014-11-10,619.0245182624028
2014-11-11,617.4763379422286
2014-11-12,621.1077162856668
2014-11-13,620.8698320303295
2014-11-14,611.7014472207375
2014-11-17,615.6304056162363
2014-11-18,613.2491472073127
2014-11-19,614.5590473857475
2014-11-20,620.0956098436458
2014-11-21,620.1551390221908
2014-11-24,620.2742088088831
2014-11-25,617.9525224453114
2014-11-26,627.0611426261553
2014-11-28,625.394414109055
2014-12-01,629.2043168798073
2014-12-02,639.3250683168189
2014-12-03,633.3122160492993
2014-12-04,632.3001831280526
2014-12-05,639.3250381626051
2014-12-08,634.1458660284499
2014-12-09,646.9454661883681
2014-12-10,637.4800070725662
2014-12-11,645.6359262830525
2014-12-12,631.7050399016432
2014-12-15,628.19275987979
2014-12-16,623.9066006791302
2014-12-17,642.8384225701377
2014-12-18,648.7917492015597
2014-12-19,640.2192638193595
2014-12-22,650.9711061359418
2014-12-23,658.9155575152248
2014-12-24,652.2848902599491
2014-12-26,659.1541024392767
2014-12-29,666.0831303641185
2014-12-30,657.4813328185962
2014-12-31,649.7158207966758
2015-01-02,643.2647924119855
2015-01-05,640.5765888444959
2015-01-06,640.7559502893723
2015-01-07,649.477279528761
2015-01-08,658.97458578731
2015-01-09,657.6605904632502
2015-01-12,651.6278698669307
2015-01-13,663.1564701406165
2015-01-14,666.620799540631
2015-01-15,669.4279397274966
2015-01-16,674.7438669968726
2015-01-20,676.3565048389951
2015-01-21,667.7552791669575
2015-01-22,685.9142162286237
2015-01-23,684.7193536639535
2015-01-26,684.6597830801848
2015-01-27,588.5492967107376
2015-01-28,606.528889175954
2015-01-29,602.8254237786456
2015-01-30,586.1000323959071
2015-02-02,593.7457073185117
2015-02-03,597.150245204276
2015-02-04,596.6725250081125
2015-02-05,594.7607862379866
2015-02-06,594.9398092346443
2015-02-09,588.8470306482724
2015-02-10,597.747453516521
2015-02-11,594.2829092759391
2015-02-12,600.435520235673
2015-02-13,597.8074139636014
2015-02-17,601.8695153414842
2015-02-18,603.1238114114558
2015-02-19,601.391639825082
2015-02-20,600.0180613197216
2015-02-23,603.0049512289711
2015-02-24,604.9164769243669
2015-02-25,604.3787061763811
2015-02-26,606.3501895159285
2015-02-27,604.4389737185743
2015-03-02,606.7684815232857
2015-03-03,605.8128211648865
2015-03-04,599.1821998372368
2015-03-05,598.2864224484802
2015-03-06,591.118352821125
2015-03-09,596.9721978691125
2015-03-10,586.100737173718
2015-03-11,590.4015443830989
2015-03-12,614.6215869383268
2015-03-13,616.2405001983224
2015-03-16,614.74180330184
2015-03-17,607.9071039327303
2015-03-18,621.636077967947
2015-03-19,624.2736798467649
2015-03-20,631.1082280937273
2015-03-23,628.7100168269711
2015-03-24,626.6113827908027
2015-03-25,629.429254179213
2015-03-26,626.0718785374211
2015-03-27,638.24208978431
2015-03-30,648.4935342304257
2015-03-31,639.6805071002341
2015-04-01,643.3976905269935
2015-04-02,654.0690846220743
2015-04-06,653.7093466255321
2015-04-07,647.2944968070958
2015-04-08,648.9133803436105
2015-04-09,640.6403836576097
2015-04-10,644.4175993596549
2015-04-13,639.4414066573997
2015-04-14,639.3812991651739
2015-04-15,642.1389507084733
2015-04-16,645.3766152979454
2015-04-17,630.9285690112703
2015-04-20,643.7578705335455
2015-04-21,644.4170785929718
2015-04-22,636.2039829263044
2015-04-23,631.5278836517961
2015-04-24,630.2092534307312
2015-04-27,630.0895136725794
2015-04-28,648.7943509754637
2015-04-29,629.6101508114702
2015-04-30,625.4736121206389
2015-05-01,628.8905744636539
2015-05-04,630.7489461111941
2015-05-05,628.8302078171238
2015-05-06,636.0246542247595
2015-05-07,638.0033269240528
2015-05-08,639.68191367719
2015-05-11,643.8187366129404
2015-05-12,644.2983815717171
2015-05-13,645.2577418618774
2015-05-14,662.34416686638
2015-05-15,652.5719410284333
2015-05-18,659.1067964458921
2015-05-19,657.4280514353444
2015-05-20,659.2866005367521
2015-05-21,649.3946643822986
2015-05-22,647.0568435905222
2015-05-26,646.3974926669035
2015-05-27,653.7114802964295
2015-05-28,654.6704750380244
2015-05-29,646.277599548037
2015-06-01,649.4553465050146
2015-06-02,648.1960525881414
2015-06-03,654.0110193759097
2015-06-04,645.2583899036018
2015-06-05,649.0350872597077
2015-06-08,646.337048401969
2015-06-09,646.7565211463818
2015-06-10,658.6270903355025
2015-06-11,658.2075448789587
2015-06-12,656.5837468657425
2015-06-15,650.9896533424463
2015-06-16,660.4928003019393
2015-06-17,659.3501477574168
2015-06-18,667.0493794327801
2015-06-19,669.575495432692
2015-06-22,675.7108156973419
2015-06-23,674.2674973950122
2015-06-24,670.7188275562223
2015-06-25,676.3126225780412
2015-06-26,676.1320471078129
2015-06-29,666.8088623102432
2015-06-30,665.6659519202435
2015-07-01,678.5978443681981
2015-07-02,672.7035434920159
2015-07-06,672.52325894236
2015-07-07,684.4928279050162
2015-07-08,669.5756757064822
2015-07-09,664.4032036116496
2015-07-10,674.5081119353791
2015-07-13,682.2069475250096
2015-07-14,682.2069475250096
2015-07-15,672.8238731687507
2015-07-16,681.0639471434482
2015-07-17,681.1238807707969
2015-07-20,680.5823872855841
2015-07-21,674.4469370642046
2015-07-22,683.6497655204456
2015-07-23,668.2519218516286
2015-07-24,661.394988881509
2015-07-27,666.3871982575868
2015-07-28,697.1229750028214
2015-07-29,691.5292602513988
2015-07-30,698.5067904873353
2015-07-31,711.9202163850637
2015-08-03,708.9130653910531
2015-08-04,700.9732390586734
2015-08-05,707.6500091607072
2015-08-06,709.815418188739
2015-08-07,709.815418188739
2015-08-10,709.935376994413
2015-08-11,710.7170158444839
2015-08-12,706.7469505939766
2015-08-13,707.6494664498852
2015-08-14,713.7246371193575
2015-08-17,716.7322727401784
2015-08-18,714.5670245442302
2015-08-19,710.2967720055539
2015-08-20,700.733336267271
2015-08-21,680.5234861159867
2015-08-24,669.9971488327445
2015-08-25,659.7716523472592
2015-08-26,686.5979677316986
2015-08-27,688.2821925465446
2015-08-28,690.0262996224576
2015-08-31,685.4548753874589
2015-09-01,671.6210250923891
2015-09-02,682.9291082918696
2015-09-03,695.0791000574902
2015-09-04,693.214202832036
2015-09-08,693.9961484528305
2015-09-09,681.0642242225605
2015-09-10,686.9588350832067
2015-09-11,692.0114173152438
2015-09-14,691.9512123219374
2015-09-15,697.3214456807679
2015-09-16,713.3110264302278
2015-09-17,713.974405684808
2015-09-18,710.0525442743814
2015-09-21,712.3453039398432
2015-09-22,703.7772146240547
2015-09-23,708.6642436024043
2015-09-24,710.4741720805649
2015-09-25,711.0773646526613
2015-09-28,692.3724745754731
2015-09-29,680.4858239319615
2015-09-30,685.7956548161025
2015-10-01,687.6658195667859
2015-10-02,693.3982018386946
2015-10-05,707.5775016680941
2015-10-06,708.2412093646589
2015-10-07,720.0674210786301
2015-10-08,722.9635322462083
2015-10-09,729.0573918595115
2015-10-12,732.9192088641914
2015-10-13,725.9806627138742
2015-10-14,714.396189278949
2015-10-15,724.7142134407048
2015-10-16,733.885471811797
2015-10-19,735.2130706303044
2015-10-20,733.6441259375794
2015-10-21,729.0588501504694
2015-10-22,745.1688635622445
2015-10-23,749.0906872911726
2015-10-26,748.8494800898648
2015-10-27,742.6946862130062
2015-10-28,749.8750584393135
2015-10-29,750.840147639525
2015-10-30,740.8847581219725
2015-11-02,743.5393482103234
2015-11-03,747.1596412967594
2015-11-04,747.883638989176
2015-11-05,745.047664230129
2015-11-06,693.0969806986906
2015-11-09,686.8216806354446
2015-11-10,686.2186511998466
2015-11-11,693.8212676364898
2015-11-12,687.4256231914167
2015-11-13,686.2191912227158
2015-11-16,692.132341993482
2015-11-17,687.787827282789
2015-11-18,693.76126456274
2015-11-19,694.9677154018146
2015-11-20,697.8038786483694
2015-11-23,700.7604736822026
2015-11-24,702.6910687871971
2015-11-25,708.7855084267884
2015-11-27,712.3457380356161
2015-11-30,704.0191287037178
2015-12-01,706.8549177541364
2015-12-02,698.1662571051025
2015-12-03,694.0030917139848
2015-12-04,702.9328294950686
2015-12-07,702.1483564573521
2015-12-08,706.1906245454771
2015-12-09,697.3816026948969
2015-12-10,693.0376126917103
2015-12-11,689.7193486021424
2015-12-14,692.0726710195729
2015-12-15,695.9946468462408
2015-12-16,698.0464390651435
2015-12-17,690.0817291954102
2015-12-18,682.2982973718151
2015-12-21,683.690868196751
2015-12-22,693.4389325955003
2015-12-23,701.7338491072078
2015-12-24,715.7201064537635
2015-12-28,712.2689041004436
2015-12-29,722.7435306041447
2015-12-30,722.0171733558875
2015-12-31,706.396331810333
2016-01-04,684.720560368733
2016-01-05,680.7245311784211
2016-01-06,682.177878052487
2016-01-07,670.9765172948652
2016-01-08,669.5842410214783
2016-01-11,677.6975932699355
2016-01-12,683.5705206132128
2016-01-13,664.8618790345498
2016-01-14,671.6428053388233
2016-01-15,659.8964443162527
2016-01-19,658.140459877927
2016-01-20,647.363409847426
2016-01-21,638.0996394525093
2016-01-22,650.693173936744
2016-01-25,648.9981182186388
2016-01-26,643.0039715987714
2016-01-27,635.7386697236769
2016-01-28,641.066795514631
2016-01-29,653.7817143368682
2016-02-01,648.6351446816084
2016-02-02,636.9499825501692
2016-02-03,637.6162322319168
2016-02-04,638.7664919148631
2016-02-05,638.796513939983
2016-02-08,635.678548155442
2016-02-09,635.981131144364
2016-02-10,642.0356715128582
2016-02-11,641.4302318746217
2016-02-12,652.4500032582276
2016-02-16,658.0806467863462
2016-02-17,652.8739127089726
2016-02-18,659.2916632709018
2016-02-19,665.5279031137813
2016-02-22,665.8307183096981
2016-02-23,664.0749227055154
2016-02-24,668.7367286629081
2016-02-25,676.910697697355
2016-02-26,669.5844932161765
2016-02-29,670.7957715644044
2016-03-01,672.6726581332416
2016-03-02,669.5850906324101
2016-03-03,665.8313966143248
2016-03-04,658.4446631002854
2016-03-07,658.1417785552593
2016-03-08,646.6381184078919
2016-03-09,645.9112971628015
2016-03-10,641.612757480183
2016-03-11,644.2164220500375
2016-03-14,636.6810225613183
2016-03-15,632.9742656479663
2016-03-16,645.1280045226729
2016-03-17,651.9947470028123
2016-03-18,640.9349601094036
2016-03-21,641.7252329152185
2016-03-22,637.4109141743295
2016-03-23,638.9910558305676
2016-03-24,640.996209763764
2016-03-28,644.824880124683
2016-03-29,650.2336712191689
2016-03-30,657.8908229314458
2016-03-31,658.0125327336881
2016-04-01,662.2053885922672
2016-04-04,651.0240506058867
2016-04-05,638.2626771659102
2016-04-06,635.5889948112622
2016-04-07,628.3572632282996
2016-04-08,635.7712505771302
2016-04-11,625.6224341041675
2016-04-12,622.5837859417236
2016-04-13,627.6279597754234
2016-04-14,619.910018754065
2016-04-15,619.910018754065
2016-04-18,625.3187336676943
2016-04-19,626.8382581905067
2016-04-20,626.2308519183201
2016-04-21,610.9777470581456
2016-04-22,614.9277181928766
2016-04-25,613.6517431776264
2016-04-26,614.5630160162451
2016-04-27,617.8447825217719
2016-04-28,615.5352787247054
2016-04-29,614.5627329843204
2016-05-02,623.7996108610748
2016-05-03,621.9762445985278
2016-05-04,636.4396801904221
2016-05-05,635.6498585473057
2016-05-06,639.5997867683186
2016-05-09,639.9035966670335
2016-05-10,640.9971919137375
2016-05-11,633.1577962566325
2016-05-12,644.2177966416434
2016-05-13,635.4667420920633
2016-05-16,643.1234808675305
2016-05-17,625.9861694728535
2016-05-18,625.1354542685399
2016-05-19,625.9862636217993
2016-05-20,624.7705982978458
2016-05-23,627.3833889399273
2016-05-24,643.5479219559645
2016-05-25,645.0062015471168
2016-05-26,642.6364487626328
2016-05-27,642.879365340265
2016-05-31,641.1172329998674
2016-06-01,647.4982728199152
2016-06-02,648.045408860448
2016-06-03,647.0124244787244
2016-06-06,649.443250157491
2016-06-07,651.509129136242
2016-06-08,661.1716610304617
2016-06-09,662.0834167510227
2016-06-10,663.3599135785186
2016-06-13,659.6530583814417
2016-06-14,661.7263479439346
2016-06-15,661.1162362511302
2016-06-16,667.58129192543
2016-06-17,667.9471264734052
2016-06-20,667.886343284896
2016-06-21,677.0343825288693
2016-06-22,678.6809301471795
2016-06-23,692.4031798738254
2016-06-24,687.7073015079211
2016-06-27,689.7807390219675
2016-06-28,689.1709728486721
2016-06-29,704.6621579763646
2016-06-30,727.4107664223155
2016-07-01,717.5303459820012
2016-07-05,719.2990582848468
2016-07-06,722.5927286727332
2016-07-07,724.1173993302326
2016-07-08,734.6685139558736
2016-07-11,735.8270862023819
2016-07-12,732.7167451090045
2016-07-13,738.2670744532053
2016-07-14,732.290064218432
2016-07-15,732.9608419172561
2016-07-18,734.9735523891608
2016-07-19,736.4986225103683
2016-07-20,736.0714533093122
2016-07-21,739.9748402262117
2016-07-22,739.060231323692
2016-07-25,736.9864283145978
2016-07-26,742.3531634855847
2016-07-27,741.072604278572
2016-07-28,748.512973225529
2016-07-29,741.6820438318729
2016-08-01,746.1343611409956
2016-08-02,742.47531823396
2016-08-03,741.6823545940862
2016-08-04,737.7180624087807
2016-08-05,738.877017484825
2016-08-08,733.3273122064963
2016-08-09,738.511202976484
2016-08-10,739.6093691353101
2016-08-11,740.8903725626525
2016-08-12,746.3181354320466
2016-08-15,748.5138033864876
2016-08-16,741.8662522986122
2016-08-17,744.5495825331762
2016-08-18,743.085798053916
2016-08-19,746.4400873463313
2016-08-22,748.8794535517792
2016-08-23,748.2698656765881
2016-08-24,740.8290701323001
2016-08-25,743.4516050405684
2016-08-26,743.5735311037953
2016-08-29,744.0613153401994
2016-08-30,747.5985828333266
2016-08-31,744.0609463393594
2016-09-01,744.4270243249583
2016-09-02,754.8557025087266
2016-09-06,756.4416543396974
2016-09-07,755.6489034859493
2016-09-08,746.3786027379837
2016-09-09,718.2020641060221
2016-09-12,738.0237228732841
2016-09-13,731.43686114664
2016-09-14,726.4806449755104
2016-09-15,727.0313173044018
2016-09-16,730.7638960874426
2016-09-19,728.0717618942564
2016-09-20,724.8289302667794
2016-09-21,731.3146995348066
2016-09-22,737.5557391806366
2016-09-23,730.8248055048741
2016-09-26,723.9104720199925
2016-09-27,721.2790574541998
2016-09-28,732.2316799416418
2016-09-29,722.6863077619225
2016-09-30,728.8659983795948
2016-10-03,726.2960168693082
2016-10-04,709.347173019646
2016-10-05,732.9045926356284
2016-10-06,731.0078355498874
2016-10-07,722.0741887916322
2016-10-10,726.7857228734974
2016-10-11,729.4777371910209
2016-10-12,732.231515648917
2016-10-13,735.4130615844115
2016-10-14,733.2104994649662
2016-10-17,735.2906176519483
2016-10-18,731.9862216162204
2016-10-19,732.1084633152303
2016-10-20,718.8309442245452
2016-10-21,723.1755584514384
2016-10-24,728.9269736678027
2016-10-25,738.8396515827111
2016-10-26,735.9027639676699
2016-10-27,729.2332772178308
2016-10-28,740.0631206177928
2016-10-31,747.4052868374421
2016-11-01,734.5558951461328
2016-11-02,722.1345549592116
2016-11-03,712.834184025892
2016-11-04,697.4761715310541
2016-11-07,713.384905527506
2016-11-08,709.7138268036615
2016-11-09,714.9756451155838
2016-11-10,711.0597235072858
2016-11-11,728.1919964854704
2016-11-14,730.0889366363151
2016-11-15,730.0889366363151
2016-11-16,739.144959806352
2016-11-17,747.6503008588436
2016-11-18,759.7652263339604
2016-11-21,757.9296335471375
2016-11-22,763.3139656638564
2016-11-23,761.4171304591816
2016-11-25,773.5320384219176
2016-11-28,764.7207349722535
2016-11-29,749.6075590869968
2016-11-30,742.9990188460858
2016-12-01,733.5763052890799
2016-12-02,736.6353184821354
2016-12-05,744.7117881139736
2016-12-06,761.4774845997835
2016-12-07,778.9160804746032
2016-12-08,791.7650801381124
2016-12-09,822.8481936541743
2016-12-12,815.6285236030527
2016-12-13,813.6701995178819
2016-12-14,799.229994487038
2016-12-15,816.4238293584375
2016-12-16,819.4217376598415
2016-12-19,809.5091928993704
2016-12-20,814.1128716793892
2016-12-21,808.2813811795497
2016-12-22,811.3504255838884
2016-12-23,813.2530423318826
2016-12-27,820.8032835768919
2016-12-28,820.0054627852551
2016-12-29,816.6295002949682
2016-12-30,819.0230413603327
2017-01-03,815.1564335820707
2017-01-04,826.2662006153606
2017-01-05,821.9076464071146
2017-01-06,810.2447769045976
2017-01-09,798.3366094184308
2017-01-10,795.3899489930674
2017-01-11,801.0372176309183
2017-01-12,786.980616535931
2017-01-13,798.2745753638382
2017-01-17,798.028706794626
2017-01-18,800.6677877279958
2017-01-19,791.4601081691239
2017-01-20,790.7232588084184
2017-01-23,783.0500803049415
2017-01-24,795.1419396450104
2017-01-25,814.4774061913581
2017-01-26,805.1475675034361
2017-01-27,801.6492013226336
2017-01-30,786.6719892943229
2017-01-31,783.0501514556117
2017-02-01,773.8430477747966
2017-02-02,779.7358625836016
2017-02-03,783.8481895228675
2017-02-06,771.2031505294846
2017-02-07,780.5331662445902
2017-02-08,781.4541953807588
2017-02-09,795.8790583732922
2017-02-10,802.3853696754938
2017-02-13,787.7153579617168
2017-02-14,781.147387307032
2017-02-15,793.4238996459494
2017-02-16,797.5362157178143
2017-02-17,797.0449334089323
2017-02-21,808.7686673344442
2017-02-22,810.7331664273996
2017-02-23,817.3625315292766
2017-02-24,819.8178885739906
2017-02-27,822.4577021751987
2017-02-28,821.2914571535143
2017-03-01,821.2914571535143
2017-03-02,818.0999185510158
2017-03-03,822.0897918537892
2017-03-06,820.9849031735376
2017-03-07,813.1280776501669
2017-03-08,813.1280776501669
2017-03-09,814.2331187076936
2017-03-10,820.2486729887061
2017-03-13,822.0286126090915
2017-03-14,826.1543742157766
2017-03-15,834.6513719545858
2017-03-16,839.0850400424087
2017-03-17,854.2322031852541
2017-03-20,854.9711140410093
2017-03-21,847.581598702353
2017-03-22,845.0575007014172
2017-03-23,842.5333139468221
2017-03-24,839.3316873538241
2017-03-27,844.5657597561626
2017-03-28,832.9892968871848
2017-03-29,837.2991835092791
2017-03-30,835.205935550506
2017-03-31,834.7131640485312
2017-04-03,826.0313124292624
2017-04-04,831.8812661838863
2017-04-05,818.950503782324
2017-04-06,818.8276612067567
2017-04-07,820.982815611053
2017-04-10,816.4879346955823
2017-04-11,820.9214641809795
2017-04-12,821.4755861693017
2017-04-13,816.9188610928205
2017-04-17,824.492515854012
2017-04-18,831.6969314575443
2017-04-19,832.9902201859609
2017-04-20,827.2634124221823
2017-04-21,828.0642034054072
2017-04-24,840.625937371067
2017-04-25,839.0245449603752
2017-04-26,830.5889921853436
2017-04-27,829.1728379536677
2017-04-28,828.6803092879234
2017-05-01,822.707181618576
2017-05-02,807.744606106479
2017-05-03,807.8059946965429
2017-05-04,811.8700666558613
2017-05-05,808.2986502326421
2017-05-08,808.729473413216
2017-05-09,806.6356728065492
2017-05-10,816.1797860871965
2017-05-11,813.0391262703329
2017-05-12,813.0391262703329
2017-05-15,812.546424559813
2017-05-16,809.0362240057146
2017-05-17,818.8886671416562
2017-05-18,815.7482291031679
2017-05-19,805.0953729793096
2017-05-22,821.966951615464
2017-05-23,819.3810435856817
2017-05-24,817.471885754127
2017-05-25,817.3484474993783
2017-05-26,809.0360137883096
2017-05-30,802.2627642808737
2017-05-31,801.0930651705522
2017-06-01,822.2747669067269
2017-06-02,835.2675304986201
2017-06-05,828.8025598125607
2017-06-06,822.8293797639916
2017-06-07,825.5998462856568
2017-06-08,818.3956620269681
2017-06-09,830.2182057606096
2017-06-12,836.0064870911726
2017-06-13,840.5627224458194
2017-06-14,843.5803426194
2017-06-15,843.2108544293326
2017-06-16,822.4602785126812
2017-06-19,829.1723768456231
2017-06-20,825.0339775127866
2017-06-21,821.0804146925453
2017-06-22,819.1040741343803
2017-06-23,823.7983595832443
2017-06-26,822.439092289932
2017-06-27,810.8270747458905
2017-06-28,818.5477701516209
2017-06-29,814.1619911991486
2017-06-30,815.7683328077845
2017-07-03,819.1040095206355
2017-07-05,810.5804131975638
2017-07-06,805.0830568352579
2017-07-07,812.803803350308
2017-07-10,799.090990383985
2017-07-11,798.4732930484181
2017-07-12,804.9592916078504
2017-07-13,799.6473652425302
2017-07-14,799.1531831708103
2017-07-17,811.2595547426649
2017-07-18,812.3093246065018
2017-07-19,831.6430988414612
2017-07-20,841.0315177842825
2017-07-21,845.3552608172116
2017-07-24,849.8643857784106
2017-07-25,800.6971814679721
2017-07-26,798.5352990780085
2017-07-27,808.356484721369
2017-07-28,806.8125238355512
2017-07-31,811.6308082278973
2017-08-01,798.0416736057375
2017-08-02,797.9802243968699
2017-08-03,787.7884209708731
2017-08-04,788.7763076507706
2017-08-07,793.161903921309
2017-08-08,787.850098650748
2017-08-09,794.3356806628409
2017-08-10,792.2974153062601
2017-08-11,790.7532276438282
2017-08-14,799.4625836930974
2017-08-15,794.1509542870406
2017-08-16,797.0535760249595
2017-08-17,784.5764993458648
2017-08-18,782.3530095467187
2017-08-21,780.8086447058735
2017-08-22,791.6181595831816
2017-08-23,783.7732236217123
2017-08-24,773.9517613565085
2017-08-25,770.7398615468792
2017-08-28,783.0316208588289
2017-08-29,779.2636726992562
2017-08-30,778.2132252684577
2017-08-31,787.4786319285038
2017-09-01,788.9614541924253
2017-09-05,789.5792110110579
2017-09-06,787.9732068958615
2017-09-07,779.6963363306274
2017-09-08,776.1752276757584
2017-09-11,777.6577223606191
2017-09-12,775.4958338924566
2017-09-13,780.3139895084304
2017-09-14,783.6607562094321
2017-09-15,793.0811421598257
2017-09-18,798.1013457896973
2017-09-19,795.3127796875082
2017-09-20,793.763510392677
2017-09-21,790.6027440942933
2017-09-22,797.7916948463428
2017-09-25,798.1012380239432
2017-09-26,804.2984941371991
2017-09-27,807.8929041074983
2017-09-28,808.9463964544545
2017-09-29,813.7183712471393
2017-10-02,821.3412849489825
2017-10-03,822.0845988118614
2017-10-04,824.3157364130368
2017-10-05,817.7467643095613
2017-10-06,817.1890610163022
2017-10-09,809.008181326468
2017-10-10,814.5239991067518
2017-10-11,812.6025369928589
2017-10-12,817.5602250710523
2017-10-13,814.3374026638222
2017-10-16,815.4530449054716
2017-10-17,809.7513972154926
2017-10-18,819.605261968208
2017-10-19,811.9821134266416
2017-10-20,812.1680573306163
2017-10-23,807.0863217958987
2017-10-24,805.226794910481
2017-10-25,815.2663625894247
2017-10-26,822.0836199133975
2017-10-27,827.4131880212962
2017-10-30,806.2181717969427
2017-10-31,825.3061932324072
2017-11-01,819.790671943035
2017-11-02,812.5396234496989
2017-11-03,814.0891365116175
2017-11-06,808.8830364836258
2017-11-07,789.485212385712
2017-11-08,802.0656592450782
2017-11-09,796.7359329393947
2017-11-10,836.026965472301
2017-11-13,851.8303832006237
2017-11-14,870.3602495263868
2017-11-15,866.2695563536129
2017-11-16,895.0253742767711
2017-11-17,892.6088057662238
2017-11-20,905.2517168910966
2017-11-21,915.1053818294562
2017-11-22,903.5777993345505
2017-11-24,904.8175080752375
2017-11-27,905.0029956643929
2017-11-28,920.2486761293551
2017-11-29,937.6008851664503
2017-11-30,936.4851401131023
2017-12-01,930.0402493788438
2017-12-04,937.2294605065423
2017-12-05,925.8261896605592
2017-12-06,933.2013210873952
2017-12-07,923.3476483380333
2017-12-08,919.5055987732989
2017-12-11,923.9679594441457
2017-12-12,916.469035485297
2017-12-13,924.1151366483508
2017-12-14,923.1827044754725
2017-12-15,936.8587330595724
2017-12-18,939.4069888134944
2017-12-19,950.2853217439547
2017-12-20,953.3309862001439
2017-12-21,951.6521703334455
2017-12-22,949.0417884302208
2017-12-26,940.3390752303156
2017-12-27,936.7958775948479
2017-12-28,945.1876950663425
2017-12-29,943.8200084715814
2018-01-02,927.3465740437184
2018-01-03,918.0842364621698
2018-01-04,930.7657340204217
2018-01-05,921.8769212605268
2018-01-08,922.5609539361022
2018-01-09,915.9092894582229
2018-01-10,904.222286924736
2018-01-11,911.2462856495672
2018-01-12,910.6867804301785
2018-01-16,911.6812503944084
2018-01-17,945.1873597089035
2018-01-18,935.4897373982901
2018-01-19,956.0658341723654
2018-01-22,930.8897525611045
2018-01-23,933.8118154943938
2018-01-24,922.2493575949421
2018-01-25,938.1627702602428
2018-01-26,924.5490903009965
2018-01-29,929.6461294358259
2018-01-30,864.0019569441033
2018-01-31,860.5831012004755
2018-02-01,867.4212945226144
2018-02-02,851.5075834533026
2018-02-05,828.258871902277
2018-02-06,844.8563514363267
2018-02-07,837.5829831068113
2018-02-08,821.6069252870319
2018-02-09,832.2993178127174
2018-02-12,834.4749482294797
2018-02-13,836.7747611868001
2018-02-14,860.0856324839419
2018-02-15,862.6968524641632
2018-02-16,864.6862314059455
2018-02-20,861.5776844040411
2018-02-21,845.1043190782358
2018-02-22,836.8992012443052
2018-02-23,841.8101257572068
2018-02-26,852.3782100759628
2018-02-27,846.410710227221
2018-02-28,835.0349502817671
2018-03-01,836.0921045288238
2018-03-02,853.0003951587104
2018-03-05,862.1385883920456
2018-03-06,876.12506271153
2018-03-07,878.5493007600527
2018-03-08,876.497888142778
2018-03-09,881.4711371601002
2018-03-12,877.1818986066792
2018-03-13,876.559976640567
2018-03-14,866.4278198705787
2018-03-15,844.2888562172457
2018-03-16,852.4581951900037
2018-03-19,848.8412150678126
2018-03-20,846.0349460107984
2018-03-21,834.5601740380539
2018-03-22,833.8115735619417
2018-03-23,823.2721952721188
2018-03-26,843.0414304971882
2018-03-27,842.4175798386203
2018-03-28,839.5491479792698
2018-03-29,851.6478907507991
2018-04-02,837.3666072707989
2018-04-03,857.1359955018552
2018-04-04,868.2993347072712
2018-04-05,876.406645595433
2018-04-06,863.6216254494867
2018-04-09,865.5552742688682
2018-04-10,873.725250502692
2018-04-11,873.725250502692
2018-04-12,873.8501932135138
2018-04-13,870.233327263803
2018-04-16,888.1322863389648
2018-04-17,897.8608874035218
2018-04-18,897.9856900668708
2018-04-19,886.0119488755192
2018-04-20,877.2811871312997
2018-04-23,877.2189001670133
2018-04-24,874.7863721568502
2018-04-25,875.9087230723275
2018-04-26,876.0331021110038
2018-04-27,867.3647545656154
2018-04-30,856.950305957546
2018-05-01,823.6475031674239
2018-05-02,808.6175835296248
2018-05-03,803.3793588235199
2018-05-04,827.5763417319256
2018-05-07,842.2318911676563
2018-05-08,845.0382078290269
2018-05-09,846.534770495092
2018-05-10,846.9089388636507
2018-05-11,854.8919025213794
2018-05-14,847.9698427866638
2018-05-15,852.5844946711088
2018-05-16,864.6204299823808
2018-05-17,874.9725303905599
2018-05-18,877.4670770747034
2018-05-21,878.4024569788651
2018-05-22,855.9513685809422
2018-05-23,860.9407091084006
2018-05-24,865.8678727866279
2018-05-25,867.3026158518353
2018-05-29,873.725859024834
2018-05-30,895.678221232833
2018-05-31,883.2050063239446
2018-06-01,892.1227272727975
2018-06-04,909.5226889455262
2018-06-05,919.5638194314847
2018-06-06,911.5185555752787
2018-06-07,911.5805388370577
2018-06-08,918.5030814489864
2018-06-11,921.5589412009673
2018-06-12,927.3592331768862
2018-06-13,934.032510218827
2018-06-14,944.6664703476683
2018-06-15,949.0449994377296
2018-06-18,948.7318145879151
2018-06-19,957.8643070351383
2018-06-20,959.5530218084411
2018-06-21,962.9306484452068
2018-06-22,968.8103029846131
2018-06-25,968.1844515288851
2018-06-26,982.1340531065133
2018-06-27,965.2452759292937
2018-06-28,959.4277426512679
2018-06-29,953.7354578541181
2018-07-02,956.5499311902455
2018-07-03,959.0522658102391
2018-07-05,974.6272746069974
2018-07-06,991.0156322295142
2018-07-09,966.6198004109201
2018-07-10,977.5039393635471
2018-07-11,969.8725661089359
2018-07-12,975.8149753214853
2018-07-13,978.3794170766303
2018-07-16,971.6237072017161
2018-07-17,980.5684750502152
2018-07-18,963.929208597088
2018-07-19,972.3115369950482
2018-07-20,972.0616529300405
2018-07-23,966.1816519914667
2018-07-24,964.8676449447582
2018-07-25,963.2408780953814
2018-07-26,969.9960863734642
2018-07-27,959.487148773694
2018-07-30,960.8630533450354
2018-07-31,906.7558939481231
2018-08-01,883.3615918842615
2018-08-02,887.1149952881777
2018-08-03,884.5503458367996
2018-08-06,889.8673779656247
2018-08-07,904.6925684825318
2018-08-08,895.8102968451702
2018-08-09,901.6276889128827
2018-08-10,893.8709859051652
2018-08-13,896.9986404848473
2018-08-14,905.7560382119009
2018-08-15,905.5060495453542
2018-08-16,911.5738455833578
2018-08-17,905.7561813008448
2018-08-20,910.8229813790418
2018-08-21,908.8838392516858
2018-08-22,898.8124974289378
2018-08-23,895.6226118755625
2018-08-24,896.8737966643527
2018-08-27,896.1858944623111
2018-08-28,889.4304451898541
2018-08-29,897.8124377053234
2018-08-30,901.3157018372495
2018-08-31,910.135977295429
2018-09-04,911.4493035106664
2018-09-05,919.8309913057503
2018-09-06,924.2719353317746
2018-09-07,927.0872676467952
2018-09-10,927.2124244279277
2018-09-11,926.8369033960344
2018-09-12,937.1581591522527
2018-09-13,935.3438209561339
2018-09-14,941.4301031990954
2018-09-17,929.1952775779199
2018-09-18,920.7879187063949
2018-09-19,917.4629535319461
2018-09-20,925.054959472423
2018-09-21,927.1881362089664
2018-09-24,919.7214901480756
2018-09-25,925.6187443429052
2018-09-26,930.8892174731938
2018-09-27,934.7794035130142
2018-09-28,946.6997104666123
2018-10-01,936.4100313135507
2018-10-02,929.0695130780837
2018-10-03,920.0974887902886
2018-10-04,919.4699823029337
2018-10-05,920.9760741339458
2018-10-08,934.7161161839501
2018-10-09,928.2534889566543
2018-10-10,926.245676660041
2018-10-11,908.6785011565066
2018-10-12,912.3804573702182
2018-10-15,918.5289892724362
2018-10-16,941.2414555901757
2018-10-17,939.2968507429264
2018-10-18,945.5084208168894
2018-10-19,964.9584745415135
2018-10-22,980.4557076426503
2018-10-23,975.4367548752276
2018-10-24,982.0248547176548
2018-10-25,978.4483201967731
2018-10-26,969.4133284080762
2018-10-29,987.4831928496027
2018-10-30,992.8788010153328
2018-10-31,979.7658506903234
2018-11-01,975.2481503527904
2018-11-02,976.5032947222944
2018-11-05,992.9417511856495
2018-11-06,1005.2393347740839
2018-11-07,985.0370398631292
2018-11-08,981.899696891165
2018-11-09,971.9864375513517
2018-11-12,962.5756648629797
2018-11-13,958.9996962680137
2018-11-14,953.4787350165988
2018-11-15,974.6221259655919
2018-11-16,977.6960841508874
2018-11-19,964.3945289260146
2018-11-20,960.8812396571371
2018-11-21,954.6066851621761
2018-11-23,965.3985137379344
2018-11-26,958.6223815700079
2018-11-27,964.6454059934122
2018-11-28,980.2051363920859
2018-11-29,975.4991715322674
2018-11-30,984.2201341257658
2018-12-03,970.668407098988
2018-12-04,945.133033313435
2018-12-06,946.3248460684433
2018-12-07,963.5157832221225
2018-12-10,960.1280617283136
2018-12-11,970.9823094661521
2018-12-12,995.9530615186932
2018-12-13,999.0275686196014
2018-12-14,964.5830961087347
2018-12-17,942.1218141327467
2018-12-18,920.3408999118118
2018-12-19,941.4295912923911
2018-12-20,931.7978251438788
2018-12-21,897.6157537263007
2018-12-24,885.5921907051369
2018-12-26,902.8408698035008
2018-12-27,910.4581382220331
2018-12-28,899.7566132653712
2018-12-31,910.2063865718353
2019-01-02,887.6068721996432
2019-01-03,900.3227282507753
2019-01-04,911.7793349677665
2019-01-07,915.3671866508647
2019-01-08,936.0782846160272
2019-01-09,929.8458753970535
2019-01-10,937.3999432887794
2019-01-11,937.2743316963786
2019-01-14,929.7836352374612
2019-01-15,919.081825595878
2019-01-16,905.484009986187
2019-01-17,917.5704105514825
2019-01-18,926.8874205002222
2019-01-22,909.8910858705095
2019-01-23,920.4039674766576
2019-01-24,917.8231547518529
2019-01-25,909.9546568461653
2019-01-28,881.3120141126186
2019-01-29,987.1954834241511
2019-01-30,947.4105182466743
2019-01-31,971.6462267139426
2019-02-01,974.4785754648138
2019-02-04,997.3924646882934
2019-02-05,996.2594268484074
2019-02-06,996.1338981606247
2019-02-07,984.613609628397
2019-02-08,1000.8548111192172
2019-02-11,1005.5758432632665
2019-02-12,1002.1136456349112
2019-02-13,993.6157219199271
2019-02-14,990.3427517319228
2019-02-15,988.2026210454301
2019-02-19,987.8251276441907
2019-02-20,986.6920922227829
2019-02-21,986.3773374453639
2019-02-22,982.4742423210927
2019-02-25,971.5206369934549
2019-02-26,961.1962871841254
2019-02-27,961.5105983700345
2019-02-28,977.5005196209281
2019-03-01,979.7663658254094
2019-03-04,975.9893664851523
2019-03-05,980.207592527101
2019-03-06,961.5111129072391
2019-03-07,956.8525915652035
2019-03-08,954.9015691310021
2019-03-11,969.8839747506676
2019-03-12,955.8458741001264
2019-03-13,954.9645842042061
2019-03-14,949.3436626615801
2019-03-15,957.7434553888097
2019-03-18,964.4380821419776
2019-03-19,962.4802728352294
2019-03-20,969.7431489740441
2019-03-21,985.1543070975395
2019-03-22,976.6277965696104
2019-03-25,991.2811200293407
2019-03-26,1004.0389080441182
2019-03-27,1002.3973044294661
2019-03-28,1006.5652724212839
2019-03-29,1003.2174363252107
2019-04-01,964.4380663240596
2019-04-02,963.1746524571751
2019-04-03,966.5216843744637
2019-04-04,969.7431011484838
2019-04-05,978.5221854431809
2019-04-08,976.564162550109
2019-04-09,965.1959791338633
2019-04-10,983.0067405368204
2019-04-11,975.3009506977523
2019-04-12,979.4693869610346
2019-04-15,984.3961179774487
2019-04-16,984.5221206805497
2019-04-17,985.7852625613828
2019-04-18,985.9745333317944
2019-04-22,978.3322447239398
2019-04-23,987.8064141818464
2019-04-24,981.9961368536287
2019-04-25,973.6589896517415
2019-04-26,985.1540076835701
2019-04-29,981.1749706465362
2019-04-30,992.7332118007522
2019-05-01,1001.3858744748075
2019-05-02,1003.9123710361075
2019-05-03,1019.8916442458891
2019-05-06,1038.6494913668596
2019-05-07,1013.4487387578254
2019-05-08,1012.0593005369884
2019-05-09,1014.1431306367941
2019-05-10,1022.6690319360576
2019-05-13,1028.3530264155581
2019-05-14,1031.32188160282
2019-05-15,1035.616305917814
2019-05-16,1033.0272651530197
2019-05-17,1034.8588224941361
2019-05-20,1029.4268485348643
2019-05-21,1041.174667730344
2019-05-22,1046.4169821823664
2019-05-23,1026.7119039908903
2019-05-24,1026.8381895550813
2019-05-28,1023.8069632195146
2019-05-29,1011.5540414837035
2019-05-30,1013.3859658528305
2019-05-31,1015.9123370657016
2019-06-03,1009.596410066164
2019-06-04,1015.9750401849622
2019-06-05,1031.5753369270024
2019-06-06,1031.9539250756545
2019-06-07,1036.2489173118195
2019-06-10,1038.7120809882697
2019-06-11,1032.1432657880998
2019-06-12,1041.4562944753059
2019-06-13,1040.886617882228
2019-06-14,1039.683352951956
2019-06-17,1029.103535152317
2019-06-18,1026.0625342059418
2019-06-19,1042.4713262529633
2019-06-20,1034.8685828706002
2019-06-21,1029.863958403838
2019-06-24,1023.4654136302751
2019-06-25,1028.9767748826741
2019-06-26,1000.3413802144642
2019-06-27,1016.9400447363628
2019-06-28,1019.6644271162116
2019-07-01,1023.5921744894632
2019-07-02,1028.913830204634
2019-07-03,1038.4168783404039
2019-07-05,1037.7201006150374
2019-07-08,1034.6795807202354
2019-07-09,1032.2087658814755
2019-07-10,1036.7700964179057
2019-07-11,1034.172987326379
2019-07-12,1038.2910641619123
2019-07-15,1032.3354266178796
2019-07-16,1031.8285499234103
2019-07-17,1036.8339502190888
2019-07-18,1046.9067920454672
2019-07-19,1039.4308306434705
2019-07-22,1036.2002796218308
2019-07-23,1032.5891216473487
2019-07-24,1026.1271789240795
2019-07-25,1023.6562646772304
2019-07-26,1038.1645449165007
2019-07-29,1033.9194900923371
2019-07-30,1172.7893524845995
2019-07-31,1177.350330276412
2019-08-01,1148.5252621402547
2019-08-02,1153.7832107903328
2019-08-05,1151.376419012624
2019-08-06,1153.4673185895508
2019-08-07,1171.2064924821395
2019-08-08,1179.3159262360857
2019-08-09,1181.0896173891447
2019-08-12,1194.3308130896944
2019-08-13,1203.2632132407923
2019-08-14,1186.411511939355
2019-08-15,1217.5809151810258
2019-08-16,1225.9432609064893
2019-08-19,1235.9530876317908
2019-08-20,1210.8657118590406
2019-08-21,1199.5889194844972
2019-08-22,1199.3993844352187
2019-08-23,1179.3166411422353
2019-08-26,1211.500192279007
2019-08-27,1195.3448372149664
2019-08-28,1197.752261717117
2019-08-29,1211.4365813072352
2019-08-30,1223.0930240925736
2019-09-03,1238.6140745683083
2019-09-04,1219.7982881615412
2019-09-05,1230.8850348026413
2019-09-06,1225.1195692996257
2019-09-09,1225.3731690504708
2019-09-10,1188.3117575525393
2019-09-11,1198.0048165588955
2019-09-12,1201.1723412938773
2019-09-13,1198.9549771518489
2019-09-16,1217.707831949481
2019-09-17,1222.6492903315318
2019-09-18,1220.2418938788692
2019-09-19,1221.7659760043239
2019-09-20,1217.256437786892
2019-09-23,1222.3384834146523
2019-09-24,1216.4944831254468
2019-09-25,1236.756415236384
2019-09-26,1221.384769751411
2019-09-27,1215.7322010370015
2019-09-30,1219.5435214872525
2019-10-01,1202.5845492774508
2019-10-02,1210.4602754906687
2019-10-03,1224.9422222266392
2019-10-04,1242.7908553467037
2019-10-07,1222.591775574754
2019-10-08,1223.417025023267
2019-10-09,1220.1774167410053
2019-10-10,1219.4148058555422
2019-10-11,1223.2888866937453
2019-10-14,1220.3676728323207
2019-10-15,1218.4626788950293
2019-10-16,1227.6096782254942
2019-10-17,1241.77383869286
2019-10-18,1237.7082711449796
2019-10-21,1230.0864636112688
2019-10-22,1219.3514990433332
2019-10-23,1206.6482951263
2019-10-24,1207.4736425601661
2019-10-25,1200.2324231257328
2019-10-28,1210.7764649628923
2019-10-29,1226.2744037144173
2019-10-30,1221.066416321842
2019-10-31,1211.6654259825802
2019-11-01,1205.4411006893076
2019-11-04,1202.7734595334823
2019-11-05,1195.1514841204184
2019-11-06,1208.2993455972273
2019-11-07,1210.5226163931263
2019-11-08,1149.2278037120602
2019-11-11,1166.3145226976512
2019-11-12,1154.1195380483246
2019-11-13,1166.4420723560665
2019-11-14,1162.94857834936
2019-11-15,1181.9406915823838
2019-11-18,1177.3039382493062
2019-11-19,1186.7047101962266
2019-11-20,1194.1358550914754
2019-11-21,1193.6271532172063
2019-11-22,1178.3188849771957
2019-11-25,1186.005059063902
2019-11-26,1191.72160344859
2019-11-27,1183.273489001743
2019-11-29,1175.0793200904059
2019-12-02,1170.3155485267594
2019-12-03,1187.4021555352501
2019-12-04,1194.7699859103461
2019-12-05,1194.197691087095
2019-12-06,1199.2157097850431
2019-12-09,1177.6825925001428
2019-12-10,1183.4626586641336
2019-12-11,1188.4166333533017
2019-12-12,1175.205005640313
2019-12-13,1175.2684667106175
2019-12-16,1171.3936065758728
2019-12-17,1158.9440353251844
2019-12-18,1163.1359359009555
2019-12-19,1175.4907658120953
2019-12-20,1192.885678164583
2019-12-23,1187.0870608830248
2019-12-24,1182.6271747952874
2019-12-26,1186.2590228490837
2019-12-27,1189.1262109073098
2019-12-30,1184.6657984901965
2019-12-31,1174.0891022412761
2020-01-02,1157.5861058201729
2020-01-03,1178.1668291955496
2020-01-06,1179.1859435028036
2020-01-07,1166.1877768475722
2020-01-08,1159.8798671626037
2020-01-09,1158.6051591885919
2020-01-10,1165.995901499056
2020-01-13,1180.0135042268776
2020-01-14,1176.3814226608672
2020-01-15,1170.519514031748
2020-01-16,1184.7916584663371
2020-01-17,1197.6620502522571
2020-01-21,1173.1315361389902
2020-01-22,1176.126540950753
2020-01-23,1184.728730471267
2020-01-24,1187.531798647562
2020-01-27,1176.9544529170082
2020-01-28,1051.3710588818578
2020-01-29,1073.3531249809596
2020-01-30,1074.8826531840573
2020-01-31,1056.6601675646282
2020-02-03,1052.64591558805
2020-02-04,1052.964867300473
2020-02-05,1064.6243472760914
2020-02-06,1074.054789744263
2020-02-07,1079.278992241579
2020-02-10,1082.7834111293876
2020-02-11,1091.1305884457838
2020-02-12,1090.8752638880876
2020-02-13,1102.598900349093
2020-02-14,1106.039008918182
2020-02-18,1096.6089203281456
2020-02-19,1108.2691629779947
2020-02-20,1112.3464852285906
2020-02-21,1115.2775182171679
2020-02-24,1119.1006895496162
2020-02-25,1113.6215725735813
2020-02-26,1093.2322752013315
2020-02-27,1062.9038254226962
2020-02-28,1024.6743635337182
2020-03-02,1044.744660292253
2020-03-03,1046.1467076263652
2020-03-04,1067.4274239529009
2020-03-05,1013.778521625028
2020-03-06,1026.6494537355793
2020-03-09,959.7478420829004
2020-03-10,997.5945384875974
2020-03-11,931.521857014487
2020-03-12,806.3206618224549
2020-03-13,860.1603050536638
2020-03-16,705.6815353881613
2020-03-17,766.4632973942144
2020-03-18,739.4347356749049
2020-03-19,795.4129029044378
2020-03-20,792.9153063893178
2020-03-23,694.4090591306536
2020-03-24,805.4686775936557
2020-03-25,759.9307004372207
2020-03-26,760.6351561965259
2020-03-27,733.7352938976358
2020-03-30,794.4526232029591
2020-03-31,774.982178313501
2020-04-01,720.2847111503124
2020-04-02,728.418886393333
2020-04-03,725.4083311358694
2020-04-06,772.3553075103206
2020-04-07,757.8805966922697
2020-04-08,772.3553582084953
2020-04-09,818.0216411179308
2020-04-13,780.9374480394906
2020-04-14,835.1220119342626
2020-04-15,781.898015869668
2020-04-16,798.1661859878525
2020-04-17,818.0852213253653
2020-04-20,802.7134000166617
2020-04-21,777.8629985789458
2020-04-22,767.9359109910813
2020-04-23,756.34315047876
2020-04-24,754.0378165561007
2020-04-27,797.0782951251228
2020-04-28,809.3756190623134
2020-04-29,877.9710121534636
2020-04-30,813.6025673974324
2020-05-01,790.4173350343077
2020-05-04,777.7999031151551
2020-05-05,794.8368321929894
2020-05-06,756.0877417867489
2020-05-07,764.4137799993047
2020-05-08,821.8648264627122
2020-05-11,778.504060083366
2020-05-12,814.8835548110617
2020-05-13,810.720314729532
2020-05-14,784.4602730151275
2020-05-15,774.7251210270099
2020-05-18,812.2574542402843
2020-05-19,788.0473085591984
2020-05-20,805.9170693280868
2020-05-21,786.5105862986665
2020-05-22,797.206343761742
2020-05-26,827.8852354887251
2020-05-27,882.005749103094
2020-05-28,831.6643889672858
2020-05-29,823.8509020329383
2020-06-01,839.7347474241332
2020-06-02,824.5557021296946
2020-06-03,841.7847935256948
2020-06-04,852.3525598236163
2020-06-05,894.3684269075616
2020-06-08,916.7213770012622
2020-06-09,876.3709688711747
2020-06-10,862.2806764336639
2020-06-11,795.0296819172495
2020-06-12,815.6209506789063
2020-06-15,830.2898934768663
2020-06-16,843.9298958469044
2020-06-17,836.3379025038656
2020-06-18,828.8744230619211
2020-06-19,814.5912590037182
2020-06-22,811.8892597976028
2020-06-23,815.6848420871565
2020-06-24,780.8779385056133
2020-06-25,782.7434559007032
2020-06-26,760.2888943812796
2020-06-29,801.4015163449475
2020-06-30,817.9368338316928
2020-07-01,799.9217750665499
2020-07-02,795.0966469193484
2020-07-06,804.1686996606982
2020-07-07,794.9682055678801
2020-07-08,790.8502702630385
2020-07-09,772.2565895588843
2020-07-10,783.7732520789759
2020-07-13,783.5804438589645
2020-07-14,797.6707874004364
2020-07-15,811.2463465312043
2020-07-16,823.1489529275101
2020-07-17,821.4763142551614
2020-07-20,812.8549203370533
2020-07-21,821.8621657093081
2020-07-22,825.272071834836
2020-07-23,839.4263131388752
2020-07-24,826.5587471847693
2020-07-27,836.8527098222085
2020-07-28,810.6023140205054
2020-07-29,802.1736711593202
2020-07-30,785.3167936335782
2020-07-31,792.2008806465701
2020-08-03,794.9672461217881
2020-08-04,807.4490268531462
2020-08-05,820.4457263893744
2020-08-06,817.2287586962017
2020-08-07,827.8445602716654
2020-08-10,845.0877346175638
2020-08-11,842.835575804808
2020-08-12,845.3446973139789
2020-08-13,843.5432677640028
2020-08-14,845.6023568806147
2020-08-17,842.3856855150409
2020-08-18,843.9937997886891
2020-08-19,845.8598700800219
2020-08-20,853.5808789741122
2020-08-21,852.8092418595196
2020-08-24,875.0061608066392
2020-08-25,871.0170077195216
2020-08-26,852.5514471558678
2020-08-27,874.1695942013993
2020-08-28,882.9200318393553
2020-08-31,874.6850367023897
2020-09-01,871.2755144293237
2020-09-02,893.6010782110608
2020-09-03,899.906327418918
2020-09-04,915.1543402307042
2020-09-08,900.163196983385
2020-09-09,893.4722839402075
2020-09-10,876.6794723635512
2020-09-11,866.3206277181034
2020-09-14,874.3626821052105
2020-09-15,874.2341507909412
2020-09-16,873.4622020357929
2020-09-17,865.7416696319983
2020-09-18,850.1072408201142
2020-09-21,821.7978195935634
2020-09-22,808.2866416416256
2020-09-23,817.2941879760798
2020-09-24,823.7924940646777
2020-09-25,829.2616524327732
2020-09-28,842.5472533663988
2020-09-29,835.8911300648041
2020-09-30,842.6116947505251
2020-10-01,852.4020000318316
2020-10-02,856.4406807079823
2020-10-05,859.0254186823589
2020-10-06,858.3150046611087
2020-10-07,864.9712375222556
2020-10-08,864.8423568078648
2020-10-09,861.5464425860699
2020-10-12,862.9033782331431
2020-10-13,851.8530375714895
2020-10-14,849.0742929629314
2020-10-15,851.7242538312686
2020-10-16,847.0065531892973
2020-10-19,831.949317693251
2020-10-20,838.0233796617295
2020-10-21,850.2367323969196
2020-10-22,872.2731680271829
2020-10-23,885.2621877722758
2020-10-26,878.5412772427086
2020-10-27,879.1878836227593
2020-10-28,855.6652117964323
2020-10-29,880.3511531567596
2020-10-30,876.085851819715
2020-11-02,891.2719239751578
2020-11-03,923.9058454715084
2020-11-04,914.6649392051024
2020-11-05,923.0661366717013
2020-11-06,900.7067056431027
2020-11-09,1030.856122488414
2020-11-10,1049.7259438105646
2020-11-11,1015.605651732946
2020-11-12,1016.76852020418
2020-11-13,1042.294493903906
2020-11-16,1061.09957116292
2020-11-17,1060.7759357937155
2020-11-18,1027.62456624829
2020-11-19,1009.5301528857901
2020-11-20,977.4129606018815
2020-11-23,986.5889134760121
2020-11-24,1010.3055243670618
2020-11-25,993.1808457290401
2020-11-27,991.7596039388019
2020-11-30,939.5444525510279
2020-12-01,934.0518756814147
2020-12-02,915.4408920584625
2020-12-03,930.1749132161434
2020-12-04,944.1982302077902
2020-12-07,955.1197711366037
2020-12-08,972.9556777428087
2020-12-09,980.1283069991285
2020-12-10,984.5869106676676
2020-12-11,985.7497078091661
2020-12-14,983.9398713456286
2020-12-15,992.7933623079965
2020-12-16,994.8613508816842
2020-12-17,997.7693306103113
2020-12-18,1003.2949771632314
2020-12-21,998.8844924436218
2020-12-22,997.9115789479816
2020-12-23,1013.997913600623
2020-12-24,1015.7490879974113
2020-12-28,1013.0898568850339
2020-12-29,999.2743505066928
2020-12-30,999.8579267273886
2020-12-31,1007.7708023595092
2021-01-04,987.4037544438236
2021-01-05,972.420889873893
2021-01-06,995.446844125217
2021-01-07,1001.1547363294309
2021-01-08,1001.7384095407109
2021-01-11,992.6576508582243
2021-01-12,1000.7656785504344
2021-01-13,979.5554507592364
2021-01-14,985.6522038847618
2021-01-15,978.9064002013745
2021-01-19,985.262439457882
2021-01-20,969.1120175502886
2021-01-21,982.409203543096
2021-01-22,992.9818913916267
2021-01-25,1017.6296878997496
2021-01-26,1069.649899915497
2021-01-27,1026.6456953392942
2021-01-28,1007.3170368331413
2021-01-29,990.1936545240146
2021-02-01,997.263637217316
2021-02-02,1001.6097121483092
2021-02-03,1005.761384405164
2021-02-04,1007.3826717568251
2021-02-05,1008.6147007643837
2021-02-08,1033.586992140609
2021-02-09,1023.4030595070476
2021-02-10,1031.7704029215772
2021-02-11,1031.3164239442917
2021-02-12,1027.9440192379939
2021-02-16,1007.6421248580434
2021-02-17,999.793600347524
2021-02-18,988.1829972666882
2021-02-19,980.2044077467568
2021-02-22,978.1940085064682
2021-02-23,990.9721568395883
2021-02-24,1014.0627990661077
2021-02-25,1031.1213634719975
2021-02-26,1029.759252150851
2021-03-01,1039.5532923980577
2021-03-02,1030.8615873203178
2021-03-03,1029.1750977634617
2021-03-04,1006.8625816439499
2021-03-05,1036.764386593612
2021-03-08,1071.4659273772868
2021-03-09,1071.336280000074
2021-03-10,1092.1577006018756
2021-03-11,1072.0499851760944
2021-03-12,1078.665605634616
2021-03-15,1075.6820165694307
2021-03-16,1066.9905058755498
2021-03-17,1065.3035938857604
2021-03-18,1051.7476056535643
2021-03-19,1045.7473855633107
2021-03-22,1004.9977471900652
2021-03-23,1000.5064122578727
2021-03-24,1022.2484171026485
2021-03-25,1027.0008499937587
2021-03-26,1026.1546012933638
2021-03-29,1028.3023428738707
2021-03-30,1021.4024341531872
2021-03-31,1022.1838070153143
2021-04-01,1019.6447024386882
2021-04-05,1031.8824781573574
2021-04-06,1024.7222456414233
2021-04-07,1023.6811278398517
2021-04-08,1024.9177346422823
2021-04-09,1017.3671656911724
2021-04-12,1035.0734238428615
2021-04-13,1026.7410827809267
2021-04-14,1024.2019520832093
2021-04-15,1026.9355470933197
2021-04-16,1034.6170249855775
2021-04-19,1037.7415684010339
2021-04-20,1042.4280093239329
2021-04-21,1053.298448605163
2021-04-22,1074.9753306774571
2021-04-23,1083.0473204355142
2021-04-26,1071.3948143149485
2021-04-27,1056.292433012365
2021-04-28,1044.1852091451774
2021-04-29,1072.110898378556
2021-04-30,1071.5255258280413
2021-05-03,1082.3307892304913
2021-05-04,1074.975269186881
2021-05-05,1083.4374745059201
2021-05-06,1083.047437015098
2021-05-07,1095.2198071597106
2021-05-10,1085.4559225788819
2021-05-11,1077.710109115359
2021-05-12,1070.8752716033493
2021-05-13,1102.1855227944882
2021-05-14,1132.3247859153034
2021-05-17,1101.6002851742776
2021-05-18,1101.3403075069764
2021-05-19,1095.2862398366105
2021-05-20,1103.4231213123567
2021-05-21,1111.1691516239696
2021-05-24,1122.8208713478984
2021-05-25,1117.8737225887394
2021-05-26,1127.3119304285563
2021-05-27,1139.679669617288
2021-05-28,1142.934594753715
2021-06-01,1156.2794990820594
2021-06-02,1166.8895197656366
2021-06-03,1174.0495538589184
2021-06-04,1168.1910465851622
2021-06-07,1172.291397158676
2021-06-08,1160.7044689891597
2021-06-09,1146.7736939523518
2021-06-10,1143.8448339379977
2021-06-11,1146.383025624506
2021-06-14,1149.3120342549769
2021-06-15,1158.490440160537
2021-06-16,1147.8149507544576
2021-06-17,1148.270633289907
2021-06-18,1129.8029966947056
2021-06-21,1132.677215518297
2021-06-22,1139.7983571722605
2021-06-23,1136.5316950806048
2021-06-24,1148.814193109341
2021-06-25,1143.9799829847368
2021-06-28,1136.1402881613424
2021-06-29,1124.9686207078519
2021-06-30,1139.4728411346384
2021-07-01,1138.2969051625873
2021-07-02,1127.5172334706976
2021-07-06,1127.844213468404
2021-07-07,1124.6433915905807
2021-07-08,1114.6475611261235
2021-07-09,1114.1247914199553
2021-07-12,1113.0797423656036
2021-07-13,1094.2642424006553
2021-07-14,1099.687415985993
2021-07-15,1099.4256903809883
2021-07-16,1094.5255500789601
2021-07-19,1083.7455679362326
2021-07-20,1098.8378087153128
2021-07-21,1087.7966864133414
2021-07-22,1071.463419166845
2021-07-23,1088.7761250937428
2021-07-26,1138.037800873609
2021-07-27,1088.4500797761434
2021-07-28,1086.42447417768
2021-07-29,1078.127450468385
2021-07-30,1073.9464722154687
2021-08-02,1067.9355938104786
2021-08-03,1074.27272362415
2021-08-04,1050.294956432859
2021-08-05,1061.140302152985
2021-08-06,1070.0252299029119
2021-08-09,1061.6629827312204
2021-08-10,1056.3058313203587
2021-08-11,1056.566738860695
2021-08-12,1060.3555871862495
2021-08-13,1071.4617516064384
2021-08-16,1071.1349557721985
2021-08-17,1071.6576696306154
2021-08-18,1054.0181843884955
2021-08-19,1053.756787878767
2021-08-20,1055.78210842507
2021-08-23,1056.6309572402438
2021-08-24,1065.2551791132387
2021-08-25,1057.741934334953
2021-08-26,1049.575108859953
2021-08-27,1070.3514481398356
2021-08-30,1058.5262053407866
2021-08-31,1069.8937182599416
2021-09-01,1056.1081377001622
2021-09-02,1067.4760856943667
2021-09-03,1050.4893387427123
2021-09-07,1062.444957906943
2021-09-08,1065.1892532332167
2021-09-09,1055.128540736429
2021-09-10,1049.4445632874817
2021-09-13,1039.709915518427
2021-09-14,1027.4267825764923
2021-09-15,1016.4507822582276
2021-09-16,1006.9124081175164
2021-09-17,1011.1786959907104
2021-09-20,999.6987842551279
2021-09-21,1009.5388193885512
2021-09-22,1015.3113623578148
2021-09-23,1010.0632179257872
2021-09-24,1007.9643065589374
2021-09-27,1009.9983785295735
2021-09-28,1009.604479161947
2021-09-29,1018.4607296531556
2021-09-30,1002.5197823126243
2021-10-01,1007.8993034645139
2021-10-04,1013.278462047104
2021-10-05,1015.8369901637731
2021-10-06,1015.5088748159502
2021-10-07,1017.2799222936293
2021-10-08,1003.6351466959048
2021-10-11,1002.9135330254305
2021-10-12,992.8763743869118
2021-10-13,983.1015064810726
2021-10-14,1000.9447988237041
2021-10-15,988.283848063383
2021-10-18,983.7575080392527
2021-10-19,966.897871866476
2021-10-20,971.555418915257
2021-10-21,966.3070765422767
2021-10-22,973.5234577898946
2021-10-25,966.1110501822823
2021-10-26,970.6372804523862
2021-10-27,963.0274841736396
2021-10-28,972.8022131380021
2021-10-29,967.9479300944434
2021-11-01,991.6297441521342
2021-11-02,1003.9626432801543
2021-11-03,1021.0189646268407
2021-11-04,1015.6392157022219
2021-11-05,1028.497208173012
2021-11-08,1022.4619865554528
2021-11-09,1019.9692242322305
2021-11-10,1016.8858572673764
2021-11-11,1010.981817980082
2021-11-12,1015.8365526700225
2021-11-15,1029.8093844519985
2021-11-16,997.3364051320737
2021-11-17,982.4451752670466
2021-11-18,972.8014934266253
2021-11-19,948.2664669609123
2021-11-22,968.144028641347
2021-11-23,974.2452723098447
2021-11-24,981.0679119518308
2021-11-26,932.5227095326302
2021-11-29,936.3274021875235
2021-11-30,895.9829270820674
2021-12-01,885.8798235962901
2021-12-02,913.3013476558896
2021-12-03,913.5634651426667
2021-12-06,926.6840636290458
2021-12-07,938.2296203778001
2021-12-08,954.3671698482982
2021-12-09,944.6583926294314
2021-12-10,955.876211041906
2021-12-13,967.8810603763812
2021-12-14,970.3085060758051
2021-12-15,992.4819960566497
2021-12-16,1004.7490735279098
2021-12-17,1022.2186456693396
2021-12-20,1013.0626332600793
2021-12-21,1030.122608004179
2021-12-22,1029.85889661653
2021-12-23,1027.224517558985
2021-12-27,1036.5116544222358
2021-12-28,1034.3380894829124
2021-12-29,1044.8769602766538
2021-12-30,1042.5719617022835
2021-12-31,1040.4638811957216
2022-01-03,1048.105047939223
2022-01-04,1044.3507356575046
2022-01-05,1040.7936770518552
2022-01-06,1040.4647862499069
2022-01-07,1044.6807495637916
2022-01-10,1036.2491312340621
2022-01-11,1020.2432271530208
2022-01-12,1004.7640969106552
2022-01-13,1016.0938168674198
2022-01-14,1015.1061736774247
2022-01-18,1001.076391251029
2022-01-19,999.7589747201426
2022-01-20,994.4232610720612
2022-01-21,988.6267678832722
2022-01-24,1005.6212620231856
2022-01-25,996.2016076618145
2022-01-26,997.8483289192794
2022-01-27,1001.932522129546
2022-01-28,991.7228297290459
2022-01-31,999.1657095661625
2022-02-01,982.1059542410298
2022-02-02,986.519538399389
2022-02-03,985.7954330582038
2022-02-04,988.5615750433653
2022-02-07,988.9569996733826
2022-02-08,1015.7656460205285
2022-02-09,1007.8609577631968
2022-02-10,990.2082730879745
2022-02-11,1004.9633665652584
2022-02-14,1016.8852469828221
2022-02-15,1026.9635966656688
2022-02-16,1022.6821854311695
2022-02-17,1034.1433846832965
2022-02-18,1042.9697984715685
2022-02-22,1052.5202729161729
2022-02-23,1054.4305972115155
2022-02-24,1036.5137125036974
2022-02-25,1080.7780305961676
2022-02-28,1078.4068035970397
2022-03-01,1074.1913114017786
2022-03-02,1079.0659915729198
2022-03-03,1077.4851598952655
2022-03-04,1078.538940381643
2022-03-07,1070.5685376122228
2022-03-08,1029.3345198175502
2022-03-09,1021.1008729935297
2022-03-10,998.3099015083142
2022-03-11,1008.914947592037
2022-03-14,1022.2860973924743
2022-03-15,1032.034617617209
2022-03-16,1045.8009273816049
2022-03-17,1046.9209801748307
2022-03-18,1025.1837598634606
2022-03-21,1035.4786551800098
2022-03-22,1027.3439348649156
2022-03-23,1008.495255691949
2022-03-24,1002.939455328342
2022-03-25,1025.6239399289584
2022-03-28,1007.5688560904491
2022-03-29,1018.0838446726088
2022-03-30,1018.0838446726088
2022-03-31,1025.755106442217
2022-04-01,1048.5720030299176
2022-04-04,1027.210494184192
2022-04-05,1010.3457522906758
2022-04-06,1010.2133969971258
2022-04-07,1012.7924717996593
2022-04-08,1008.22882892173
2022-04-11,1011.9985965130684
2022-04-12,1011.8002447881518
2022-04-13,1024.2332461961087
2022-04-14,1032.6985339759196
2022-04-18,1023.637637038815
2022-04-19,1038.3196716668626
2022-04-20,1056.1102409212026
2022-04-21,1050.620579888894
2022-04-22,1043.6759778558285
2022-04-25,1039.9719718104182
2022-04-26,996.455384621983
2022-04-27,1002.8047983327943
2022-04-28,1007.8308559820383
2022-04-29,990.0406257122434
2022-05-02,971.1922322799337
2022-05-03,876.9496804439534
2022-05-04,863.3253902085762
2022-05-05,820.5363938936686
2022-05-06,817.5603083930163
2022-05-09,814.9146832350565
2022-05-10,833.2339653141806
2022-05-11,813.1288629651148
2022-05-12,840.6410780435394
2022-05-13,862.8625843005424
2022-05-16,832.1757393524779
2022-05-17,814.2531704540437
2022-05-18,786.0800107563338
2022-05-19,813.5259943318912
2022-05-20,813.6585990689672
2022-05-23,824.1076027982108
2022-05-24,836.6068428098511
2022-05-25,846.3290509301444
2022-05-26,829.9940539181416
2022-05-27,844.6758187378997
2022-05-31,847.9827245682585
2022-06-01,832.6393251499204
2022-06-02,839.5177586149839
2022-06-03,848.5778342659567
2022-06-06,840.244799933465
2022-06-07,842.2286179061078
2022-06-08,839.4509479242535
2022-06-09,820.8008662142203
2022-06-10,828.4064070405612
2022-06-13,830.9197920795224
2022-06-14,820.1394386970826
2022-06-15,834.8871860837336
2022-06-16,839.9992003241243
2022-06-17,879.8790023587126
2022-06-21,882.7368493583735
2022-06-22,898.0240861155619
2022-06-23,903.1419253823343
2022-06-24,928.2664306045455
2022-06-27,926.8044109763433
2022-06-28,919.8923036792818
2022-06-29,920.0919203091802
2022-06-30,928.2669370211272
2022-07-01,938.9011630516412
2022-07-05,948.6713685543565
2022-07-06,931.5895918921668
2022-07-07,923.6803962570023
2022-07-08,904.9370736561552
2022-07-11,901.2150674722075
2022-07-12,904.472058726052
2022-07-13,901.0160709896599
2022-07-14,901.8134702124856
2022-07-15,918.430285214621
2022-07-18,899.3544881907133
2022-07-19,915.2397865156258
2022-07-20,915.7047283271758
2022-07-21,905.7345352451493
2022-07-22,900.4169677887251
2022-07-25,897.6256751885801
2022-07-26,906.0005227380896
2022-07-27,909.1244125404904
2022-07-28,912.3808961862104
2022-07-29,900.6823483353107
2022-08-01,910.3862999562755
2022-08-02,895.4313842068938
2022-08-03,910.4522456769644
2022-08-04,933.2499699087155
2022-08-05,942.0234528758272
2022-08-08,930.7238815585816
2022-08-09,943.0196747578522
2022-08-10,953.8540278011452
2022-08-11,959.769830481568
2022-08-12,987.9515520139983
2022-08-15,1025.5717591631394
2022-08-16,1048.7681412118914
2022-08-17,1049.7655197141837
2022-08-18,1041.5238106189076
2022-08-19,1033.0166441337724
2022-08-22,1020.9200192309659
2022-08-23,1001.7777688703852
2022-08-24,1019.0594371611681
2022-08-25,1026.171452973116
2022-08-26,1026.437231379436
2022-08-29,1025.04127674476
2022-08-30,1000.7816248480417
2022-08-31,990.5456303890959
2022-09-01,982.4370238587308
2022-09-02,960.5031348640607
2022-09-06,934.8471356287067
2022-09-07,954.6537418912723
2022-09-08,948.9372752848273
2022-09-09,970.4724578101412
2022-09-12,972.6657255647921
2022-09-13,944.5508227673419
2022-09-14,940.4297475276079
2022-09-15,926.6044898092046
2022-09-16,925.3415278895945
2022-09-19,940.8391477986895
2022-09-20,930.886010454127
2022-09-21,935.1615699001429
2022-09-22,929.4832688477093
2022-09-23,912.5155517748944
2022-09-26,916.9914405563502
2022-09-27,897.0175329981518
2022-09-28,912.5825812307357
2022-09-29,877.3778829945976
2022-09-30,864.8857766965205
2022-10-03,868.2259655661226
2022-10-04,874.3721371763651
2022-10-05,874.9063785521798
2022-10-06,859.8754869686534
2022-10-07,867.8921061336621
2022-10-10,890.0702210138018
2022-10-11,892.1414144181008
2022-10-12,900.4249474509729
2022-10-13,921.467878472902
2022-10-14,908.7755799148164
2022-10-17,929.6183478401626
2022-10-18,930.2867434322596
2022-10-19,920.2666249187508
2022-10-20,908.3758598581757
2022-10-21,925.9447573636926
2022-10-24,953.199941296693
2022-10-25,949.9933766941709
2022-10-26,959.5465100902076
2022-10-27,973.040612661606
2022-10-28,999.2270816295552
2022-10-31,986.0672609644939
2022-11-01,978.317758360574
2022-11-02,969.50018040447
2022-11-03,972.5734959763522
2022-11-04,981.7254125734896
2022-11-07,1001.0310428117474
2022-11-08,974.5107273945357
2022-11-09,951.9313138408044
2022-11-10,960.0141626266267
2022-11-11,939.4391390932127
2022-11-14,921.6696477772646
2022-11-15,1012.3868261990375
2022-11-16,1042.648080820953
2022-11-17,1046.055454749076
2022-11-18,1044.2520551450887
2022-11-21,1066.0967638866687
2022-11-22,1078.0541051904215
2022-11-23,1071.5739219641218
2022-11-25,1081.5942097084085
2022-11-28,1088.6083481583676
2022-11-29,1066.4301302813371
2022-11-30,1095.689773765866
2022-12-01,1093.017386407651
2022-12-02,1094.3530536538412
2022-12-05,1064.8263139132068
2022-12-06,1056.0084872076916
2022-12-07,1049.6618761995735
2022-12-08,1069.7691991000524
2022-12-09,1043.9171566346006
2022-12-12,1041.244728713616
2022-12-13,1049.5955114378992
2022-12-14,1042.3805918922749
2022-12-15,1023.3425527619545
2022-12-16,1018.6658772958324
2022-12-19,1028.9340293389746
2022-12-20,1018.5994159482939
2022-12-21,1035.7801322970936
2022-12-22,1028.1298602399474
2022-12-23,1029.4715697075603
2022-12-27,1020.6798825022578
2022-12-28,1011.8887666742659
2022-12-29,1019.6732269562909
2022-12-30,1004.7074830042534
2023-01-03,1016.5861395758126
2023-01-04,1014.8416777603005
2023-01-05,1003.9696788664545
2023-01-06,1024.3713467106998
2023-01-09,1004.0365511071458
2023-01-10,1005.78156663297
2023-01-11,1022.6937836759034
2023-01-12,1022.9617294472264
2023-01-13,1036.7860342589763
2023-01-17,1034.9737322710914
2023-01-18,995.9831668552426
2023-01-19,988.4664818949863
2023-01-20,968.0645337086738
2023-01-23,970.4130582674512
2023-01-24,1007.6594522698724
2023-01-25,1019.6052550765318
2023-01-26,1009.5386923931611
2023-01-27,1004.2365951807121
2023-01-30,1000.7468730124592
2023-01-31,961.688723305656
2023-02-01,932.0927528459243
2023-02-02,945.3806671304959
2023-02-03,947.7970601156815
2023-02-06,955.1121578256542
2023-02-07,965.3796135222799
2023-02-08,951.5544120770273
2023-02-09,945.1114371528538
2023-02-10,943.9035847361725
2023-02-13,963.3659327498477
2023-02-14,944.0379220410873
2023-02-15,944.6421063111936
2023-02-16,937.1255890712755
2023-02-17,956.4528672202815
2023-02-21,965.2445819757704
2023-02-22,973.7676916346164
2023-02-23,970.5464681106891
2023-02-24,964.7076605585352
2023-02-27,963.1641283016415
2023-02-28,947.6620016566267
2023-03-01,943.0317251165325
2023-03-02,960.81541738878
2023-03-03,963.9697744040673
2023-03-06,940.8171483624304
2023-03-07,937.7303272986533
2023-03-08,952.6955655920125
2023-03-09,946.1857967923222
2023-03-10,935.9177885255319
2023-03-13,941.2862129605144
2023-03-14,952.4931666120223
2023-03-15,959.4054095221258
2023-03-16,963.0962421325573
2023-03-17,944.9765494330754
2023-03-20,963.4990347785131
2023-03-21,978.3359564150674
2023-03-22,970.1081510216167
2023-03-23,974.4920697560832
2023-03-24,984.3383376288986
2023-03-27,986.496007264981
2023-03-28,1005.9862088805154
2023-03-29,983.4611716774718
2023-03-30,986.6308670337883
2023-03-31,999.5794105327395
2023-04-03,1029.454839954742
2023-04-04,1031.0062283985537
2023-04-05,1026.757451731323
2023-04-06,1030.3315944207998
2023-04-10,1029.252837241441
2023-04-11,1029.0500744325045
2023-04-12,1026.6225453069183
2023-04-13,1022.0366223970321
2023-04-14,1003.2209281787027
2023-04-17,1004.097743269931
2023-04-18,1009.1553836027816
2023-04-19,1013.2687009463465
2023-04-20,1005.5131423093031
2023-04-21,1009.2898496718169
2023-04-24,1018.3270309857783
2023-04-25,1019.3382297275472
2023-04-26,1009.8971190438108
2023-04-27,1032.0845587492033
2023-04-28,1033.164119197655
2023-05-01,1043.8191407589404
2023-05-02,1066.6130193356937
2023-05-03,1053.7997971344141
2023-05-04,1070.726983275784
2023-05-05,1097.9052462922732
2023-05-08,1102.8282534166478
2023-05-09,1091.9036367383026
2023-05-10,1087.2499434385238
2023-05-11,1083.8109718674277
2023-05-12,1075.3138938479872
2023-05-15,1072.683676063635
2023-05-16,1069.649053944051
2023-05-17,1067.5589596926445
2023-05-18,1057.442770990597
2023-05-19,1062.0289002883833
2023-05-22,1047.5300817416462
2023-05-23,1061.3553837604727
2023-05-24,1050.6325103183406
2023-05-25,1054.0722811571227
2023-05-26,1055.0841905470336
2023-05-30,1028.3103741277123
2023-05-31,1038.2243144446775
2023-06-01,1028.7827025291176
2023-06-02,1069.110984468259
2023-06-05,1037.347697119707
2023-06-06,1049.082174269525
2023-06-07,1049.9592069672144
2023-06-08,1051.2401571997143
2023-06-09,1047.8677787754177
2023-06-12,1043.956088357249
2023-06-13,1046.9230115603602
2023-06-14,1033.7726116121505
2023-06-15,1043.7536861772658
2023-06-16,1054.610812020882
2023-06-20,1055.9659869143286
2023-06-21,1060.436946902924
2023-06-22,1060.9788301827914
2023-06-23,1057.5921857568478
2023-06-26,1057.4568139570708
2023-06-27,1053.8667480736865
2023-06-28,1056.7121882934855
2023-06-29,1076.7643587785428
2023-06-30,1072.767409478757
2023-07-03,1071.8190830887777
2023-07-05,1067.6186241021528
2023-07-06,1064.9090080341814
2023-07-07,1075.0703697888437
2023-07-10,1065.450640119973
2023-07-11,1044.179983540618
2023-07-12,1067.6186916311542
2023-07-13,1072.5639014107896
2023-07-14,1070.6676084330954
2023-07-17,1059.6932654466564
2023-07-18,1067.48413033422
2023-07-19,1076.222555425136
2023-07-20,1090.0423292593503
2023-07-21,1089.9071640105221
2023-07-24,1087.5366159287992
2023-07-25,1115.3112135630047
2023-07-26,1107.181710127344
2023-07-27,1077.577885561959
2023-07-28,1071.0747030225928
2023-07-31,1086.0461852214426
2023-08-01,1154.7364343443282
2023-08-02,1200.1914793458584
2023-08-03,1185.5587448296735
2023-08-04,1170.5875089999645
2023-08-07,1177.8357868556923
2023-08-08,1158.6641537530422
2023-08-09,1152.2961355640157
2023-08-10,1155.9546757944313
2023-08-11,1154.3964488914603
2023-08-14,1140.4421046172604
2023-08-15,1130.5521906860197
2023-08-16,1129.2656222930189
2023-08-17,1103.3885005581744
2023-08-18,1108.9429582699843
2023-08-21,1095.190956644478
2023-08-22,1104.3358011324597
2023-08-23,1100.7456054429779
2023-08-24,1087.1976285311857
2023-08-25,1084.3524323373197
2023-08-28,1079.6105591507085
2023-08-29,1090.1108514490081
2023-08-30,1105.3527813739681
2023-08-31,1098.3072627454906
2023-09-01,1101.55935055048
2023-09-05,1098.0365637474197
2023-09-06,1109.2145759663683
2023-09-07,1129.6052675163583
2023-09-08,1142.8826478307456
2023-09-11,1167.338050729028
2023-09-12,1143.0866027251323
2023-09-13,1159.073811950846
2023-09-14,1177.9064432474236
2023-09-15,1169.0662553908514
2023-09-18,1160.154463326007
2023-09-19,1138.7925391927852
2023-09-20,1124.8457469652913
2023-09-21,1127.022323485669
2023-09-22,1126.1376109617327
2023-09-25,1119.6060128181546
2023-09-26,1108.244251000076
2023-09-27,1114.7751343712193
2023-09-28,1110.9648329619383
2023-09-29,1113.345630598976
2023-10-02,1108.8555076707703
2023-10-03,1098.9223800330553
2023-10-04,1093.5475506723137
2023-10-05,1091.030204210666
2023-10-06,1063.4773274335298
2023-10-09,1073.7505184165377
2023-10-10,1084.0230896262287
2023-10-11,1083.0030238988904
2023-10-12,1036.5367791585086
2023-10-13,1038.8503292495905
2023-10-16,1052.5932802552334
2023-10-17,1060.484572077307
2023-10-18,1052.1162883190448
2023-10-19,1047.2176348806315
2023-10-20,1032.9985138342222
2023-10-23,1026.19518562211
2023-10-24,1039.8015075882736
2023-10-25,1055.7208686694498
2023-10-26,1049.0539913838024
2023-10-27,1036.468490649171
2023-10-30,1055.5851154907043
2023-10-31,1065.4495583949647
2023-11-01,1080.7568722004253
2023-11-02,1078.2397894450705
2023-11-03,1085.3831280501443
2023-11-06,1090.009030941894
2023-11-07,1093.478529687382
2023-11-08,1080.2802438340552
2023-11-09,1088.7161522581553
2023-11-10,1095.7917185316812
2023-11-13,1091.879742096523
2023-11-14,1112.8001579550926
2023-11-15,1094.3632849380924
2023-11-16,1145.5915246693294
2023-11-17,1132.937320687832
2023-11-20,1153.6190914769882
2023-11-21,1131.3046373905488
2023-11-22,1142.8020864203488
2023-11-24,1145.1151178432638
2023-11-27,1132.869256773048
2023-11-28,1114.432942488323
2023-11-29,1103.1392790491466
2023-11-30,1119.466843518353
2023-12-01,1141.1005402693454
2023-12-04,1159.4015107341852
2023-12-05,1160.558593441898
2023-12-06,1159.674247793695
2023-12-07,1173.6889110782818
2023-12-08,1158.5178082136838
2023-12-11,1165.1850781999535
2023-12-12,1168.2460194003847
2023-12-13,1178.1784470573268
2023-12-14,1153.7548078498282
2023-12-15,1158.313293095643
2023-12-18,1151.9518364899618
2023-12-19,1164.183261089812
2023-12-20,1141.2930898102643
2023-12-21,1138.2869238117041
2023-12-22,1146.1445184467764
2023-12-26,1150.5170597846507
2023-12-27,1143.752019473117
2023-12-28,1151.062882381589
2023-12-29,1142.0431536352469
2024-01-02,1153.7959197293073
2024-01-03,1117.308277563788
2024-01-04,1115.9418095403273
2024-01-05,1094.6920456030603
2024-01-08,1101.3882768460142
2024-01-09,1097.4254818259224
2024-01-10,1095.648749970846
2024-01-11,1085.535912008615
2024-01-12,1105.0777294965942
2024-01-16,1101.9348884339058
2024-01-17,1113.8236639452193
2024-01-18,1108.766904510908
2024-01-19,1107.8787822203947
2024-01-22,1117.7178536852941
2024-01-23,1126.9423791317588
2024-01-24,1111.0896806845124
2024-01-25,1098.1077088553945
2024-01-26,1097.8342800358894
2024-01-29,1109.9280224647646
2024-01-30,1096.672152092468
2024-01-31,1087.9941853529601
2024-02-01,1088.1312726203148
2024-02-02,1093.598044133959
2024-02-05,1062.713741769572
2024-02-06,988.3726646778233
2024-02-07,963.7058480854588
2024-02-08,997.7333378755084
2024-02-09,1011.8772056732316
2024-02-12,1028.5488945139039
2024-02-13,1001.9012497548375
2024-02-14,1001.7649911848707
2024-02-15,1015.361947410223
2024-02-16,1010.4425187750205
2024-02-20,993.9066269552673
2024-02-21,994.9999242449182
2024-02-22,982.0858202281433
2024-02-23,983.1788817460572
2024-02-26,981.8810856221525
2024-02-27,983.179132417345
2024-02-28,995.1365570258047
2024-02-29,991.3102569640405
2024-03-01,976.6884306738208
2024-03-04,976.5516942935265
2024-03-05,972.2470544250806
2024-03-06,982.8377415889329
2024-03-07,984.6825280298954
2024-03-08,989.7388728113287
2024-03-11,987.5525396412885
2024-03-12,995.7521883779301
2024-03-13,980.3777745893748
2024-03-14,970.2651778444855
2024-03-15,979.4215703278038
2024-03-18,962.1690593664795
2024-03-19,975.7000428483502
2024-03-20,969.518007376863
2024-03-21,981.6069274108452
2024-03-22,975.1499170423366
2024-03-25,974.7374286274278
2024-03-26,983.1854779213417
2024-03-27,985.9324981466539
2024-03-28,992.938534478484
2024-04-01,976.5907944468303
2024-04-02,956.8089713145152
2024-04-03,950.2146438842157
2024-04-04,960.7924332999346
2024-04-05,963.3337292860131
2024-04-08,957.4949635528105
2024-04-09,951.6571167600291
2024-04-10,927.4107967392172
2024-04-11,936.7526056947712
2024-04-12,924.3893448048116
2024-04-15,923.1525118614627
2024-04-16,927.4110143986796
2024-04-17,921.9161041383676
2024-04-18,923.8392211316002
2024-04-19,941.6286691737103
2024-04-22,937.6446382744364
2024-04-23,943.6202475541593
2024-04-24,953.3735064328791
2024-04-25,952.6174812422778
2024-04-26,938.742607627984
2024-04-29,938.1934432025216
2024-04-30,943.0016845989346
2024-05-01,941.903087636377
2024-05-02,944.5818600176148
2024-05-03,949.527690636667
2024-05-06,947.1918525177008
2024-05-07,1102.2177958274203
2024-05-08,1128.4560904570922
2024-05-09,1116.916498476078
2024-05-10,1122.2743469192676
2024-05-13,1120.9006831186384
2024-05-14,1117.947109818621
2024-05-15,1119.1835593220803
2024-05-16,1137.3165713502167
2024-05-17,1127.4947054400363
2024-05-20,1121.3814291471404
2024-05-21,1123.0298598479867
2024-05-22,1119.7326441794728
2024-05-23,1119.2522788751198
2024-05-24,1115.199466373313
2024-05-28,1110.9405196112334
2024-05-29,1089.029439742941
2024-05-30,1097.6153478458743
2024-05-31,1117.6029233301476
2024-06-03,1126.0508838276003
2024-06-04,1113.6868451231733
2024-06-05,1120.005904282402
2024-06-06,1119.6620624697873
2024-06-07,1118.5636739865047
2024-06-10,1119.525638746133
2024-06-11,1148.8549714300043
2024-06-12,1151.945391303151
2024-06-13,1152.701067479846
2024-06-14,1129.0038389345953
2024-06-17,1148.5796364978821
2024-06-18,1150.1933908871617
2024-06-20,1140.8112633976953
2024-06-21,1150.8150373664296
2024-06-24,1154.6783234468687
2024-06-25,1148.8137122420821
2024-06-26,1131.359785511988
2024-06-27,1128.1173083667109
2024-06-28,1120.1832593369677
2024-07-01,1137.9135199657533
2024-07-02,1135.2234924045542
2024-07-03,1137.0863941555901
2024-07-05,1145.8476448225592
2024-07-08,1135.775644024569
2024-07-09,1145.571708954281
2024-07-10,1153.2298558286404
2024-07-11,1130.1871700793283
2024-07-12,1143.9155536342817
2024-07-15,1133.9120121177498
2024-07-16,1141.7768258337987
2024-07-17,1169.0972617223497
2024-07-18,1158.6104592847003
2024-07-19,1156.5411810044177
2024-07-22,1169.5117903493822
2024-07-23,1178.2047714870491
2024-07-24,1136.9487532086587
2024-07-25,1146.676486741112
2024-07-26,1157.9907436357867
2024-07-29,1153.5753249303034
2024-07-30,1153.5061104108077
2024-07-31,1163.854213727303
2024-08-01,1154.9542205549303
2024-08-02,1148.399855353281
2024-08-05,1099.4171563228974
2024-08-06,1168.3374190184675
2024-08-07,1140.465561550363
2024-08-08,1171.3037503346845
2024-08-09,1165.922780905647
2024-08-12,1148.8828194627108
2024-08-13,1169.5799434553314
2024-08-14,1173.8570973085475
2024-08-15,1185.860959985625
2024-08-16,1182.6875960567033
2024-08-19,1195.6581309226572
2024-08-20,1194.3476896111658
2024-08-21,1197.5903435884602
2024-08-22,1175.9271318632884
2024-08-23,1158.9561514962377
2024-08-26,1152.1264228954703
2024-08-27,1173.6516008544263
2024-08-28,1151.7817769241049
2024-08-29,1159.232653239027
2024-08-30,1174.1345889964148
2024-09-03,1177.2390008497214
2024-09-04,1175.5143457134764
2024-09-05,1155.507091549433
2024-09-06,1141.7785117947342
2024-09-09,1135.2247031370323
2024-09-10,1134.4663730353368
2024-09-11,1112.9421425397375
2024-09-12,1128.0503321247143
2024-09-13,1152.541432885474
2024-09-16,1152.6797378574202
2024-09-17,1169.0304999389275
2024-09-18,1167.5060841670072
2024-09-19,1174.5064506476724
2024-09-20,1165.010565994186
2024-09-23,1172.427023257305
2024-09-24,1176.3077567042867
2024-09-25,1170.8320440968282
2024-09-26,1178.1790151735358
2024-09-27,1184.1394228112986
2024-09-30,1192.941131141055
2024-10-01,1198.1387756494364
2024-10-02,1182.8912615905217
2024-10-03,1169.0987494803762
2024-10-04,1179.8415978893513
2024-10-07,1164.2476314900478
2024-10-08,1161.4057030215804
2024-10-09,1155.7914678531743
2024-10-10,1147.4050449624315
2024-10-11,1161.8910336550823
2024-10-14,1163.0691911632086
2024-10-15,1166.9503530541201
2024-10-16,1172.3568340398201
2024-10-17,1168.1293152962724
2024-10-18,1168.4061619439976
2024-10-21,1154.128238645042
2024-10-22,1147.0592031833412
2024-10-23,1140.1974950298984
2024-10-24,1150.8013317336765
2024-10-25,1143.3165198720808
2024-10-28,1146.8516545515254
2024-10-29,1152.4654934005553
2024-10-30,1151.4951174551118
2024-10-31,1137.4952398170926
2024-11-01,1149.5549643496333
2024-11-04,1152.3276909236447
2024-11-05,1174.2991230064858
2024-11-06,1240.766801966899
2024-11-07,1215.3993247006858
2024-11-08,1226.0729615702073
2024-11-11,1224.479066720166
2024-11-12,1212.7656999679211
2024-11-13,1201.3996598278218
2024-11-14,1153.992429251016
2024-11-15,1121.209812320853
2024-11-18,1146.230730492605
2024-11-19,1144.4632427061856
2024-11-20,1144.0123241885592
2024-11-21,1161.6861705849485
2024-11-22,1186.2906836779375
2024-11-25,1205.9748049922057
2024-11-26,1196.6176464802713
2024-11-27,1188.4387648665786
2024-11-29,1204.5183413552234
2024-12-02,1209.8555621257685
2024-12-03,1197.9348552721433
2024-12-04,1183.8651103969719
2024-12-05,1168.6867758165722
2024-12-06,1156.9040757427895
2024-12-09,1182.6868399747934
2024-12-10,1183.2415201027418
2024-12-11,1172.8455601071191
2024-12-12,1163.2118066763992
2024-12-13,1164.3901402365623
2024-12-16,1162.1032780011378
2024-12-17,1149.4200828250334
2024-12-18,1121.6351511629039
2024-12-19,1119.6150862556594
2024-12-20,1115.0884824619277
2024-12-23,1094.0579136826957
2024-12-24,1097.191295547483
2024-12-26,1099.211224722586
2024-12-27,1087.6519194834032
2024-12-30,1081.4544788461867
2024-12-31,1080.2702861918501
